n, t, workers, frac, accesses, kernel_total, kernel_average, kernel_median, task_cleanup_total, task_cleanup_average, task_cleanup_median, task_spawn_total
100, 500, 1, 0, 1, 580783, 5807.83, 3096.5, 0, nan, nan, 0
100, 500, 2, 0, 1, 3425885, 17129.425, 7831.5, 0, nan, nan, 0
100, 500, 4, 0, 1, 18415615, 46039.0375, 22142.5, 0, nan, nan, 0
100, 500, 8, 0, 1, 60384178, 75480.2225, 41049.0, 0, nan, nan, 0
100, 500, 15, 0, 1, 850385683, 566923.7886666667, 499652.0, 0, nan, nan, 0
100, 500, 1, 0, 5, 1423981, 2847.962, 1980.0, 0, nan, nan, 0
100, 500, 2, 0, 5, 6928783, 6928.783, 3692.5, 0, nan, nan, 0
100, 500, 4, 0, 5, 37449603, 18724.8015, 4166.5, 0, nan, nan, 0
100, 500, 8, 0, 5, 628901303, 157225.32575, 139495.0, 0, nan, nan, 0
100, 500, 15, 0, 5, 2651068658, 353475.8210666667, 195064.5, 0, nan, nan, 0
100, 500, 1, 0, 10, 2262344, 2262.344, 1791.0, 0, nan, nan, 0
100, 500, 2, 0, 10, 11649941, 5824.9705, 3772.0, 0, nan, nan, 0
100, 500, 4, 0, 10, 69102189, 17275.54725, 3871.5, 0, nan, nan, 0
100, 500, 8, 0, 10, 1506702815, 188337.851875, 187299.0, 0, nan, nan, 0
100, 500, 15, 0, 10, 5549318151, 369954.5434, 258092.0, 0, nan, nan, 0
100, 1000, 1, 0, 1, 595156, 5951.56, 3461.0, 0, nan, nan, 0
100, 1000, 2, 0, 1, 2739741, 13698.705, 7726.0, 0, nan, nan, 0
100, 1000, 4, 0, 1, 18630528, 46576.32, 16806.0, 0, nan, nan, 0
100, 1000, 8, 0, 1, 60527165, 75658.95625, 38798.0, 0, nan, nan, 0
100, 1000, 15, 0, 1, 312125609, 208083.73933333333, 136998.5, 0, nan, nan, 0
100, 1000, 1, 0, 5, 1475995, 2951.99, 2022.5, 0, nan, nan, 0
100, 1000, 2, 0, 5, 9053498, 9053.498, 5073.0, 0, nan, nan, 0
100, 1000, 4, 0, 5, 29252112, 14626.056, 5275.0, 0, nan, nan, 0
100, 1000, 8, 0, 5, 210440319, 52610.07975, 8597.5, 0, nan, nan, 0
100, 1000, 15, 0, 5, 3174584477, 423277.9302666667, 179848.5, 0, nan, nan, 0
100, 1000, 1, 0, 10, 2271366, 2271.366, 1765.0, 0, nan, nan, 0
100, 1000, 2, 0, 10, 13722069, 6861.0345, 5006.0, 0, nan, nan, 0
100, 1000, 4, 0, 10, 54693384, 13673.346, 4913.0, 0, nan, nan, 0
100, 1000, 8, 0, 10, 1029711092.0, 128746.07301825457, 105520.5, 0, nan, nan, 0
100, 1000, 15, 0, 10, 5321698351, 354779.89006666664, 216038.0, 0, nan, nan, 0
100, 2000, 1, 0, 1, 641231, 6412.31, 3701.0, 0, nan, nan, 0
100, 2000, 2, 0, 1, 2846166, 14230.83, 7857.0, 0, nan, nan, 0
100, 2000, 4, 0, 1, 17944213, 44860.5325, 21473.0, 0, nan, nan, 0
100, 2000, 8, 0, 1, 54812530, 68515.6625, 36396.0, 0, nan, nan, 0
100, 2000, 15, 0, 1, 284574443, 189716.29533333334, 126635.5, 0, nan, nan, 0
100, 2000, 1, 0, 5, 1472446, 2944.892, 2024.0, 0, nan, nan, 0
100, 2000, 2, 0, 5, 7567151, 7567.151, 5125.0, 0, nan, nan, 0
100, 2000, 4, 0, 5, 32862928, 16431.464, 5449.5, 0, nan, nan, 0
100, 2000, 8, 0, 5, 110282910, 27570.7275, 5871.0, 0, nan, nan, 0
100, 2000, 15, 0, 5, 1770596614.0, 236142.51987196587, 152655.5, 0, nan, nan, 0
100, 2000, 1, 0, 10, 2565560, 2565.56, 2059.5, 0, nan, nan, 0
100, 2000, 2, 0, 10, 13633561, 6816.7805, 5093.0, 0, nan, nan, 0
100, 2000, 4, 0, 10, 43697019, 10924.25475, 4094.0, 0, nan, nan, 0
100, 2000, 8, 0, 10, 284251428, 35531.4285, 5958.0, 0, nan, nan, 0
100, 2000, 15, 0, 10, 6581399087, 438759.93913333333, 160112.5, 0, nan, nan, 0
100, 4000, 1, 0, 1, 694960, 6949.6, 3656.5, 0, nan, nan, 0
100, 4000, 2, 0, 1, 2508841, 12544.205, 6649.5, 0, nan, nan, 0
100, 4000, 4, 0, 1, 16474522, 41186.305, 20395.5, 0, nan, nan, 0
100, 4000, 8, 0, 1, 52203896, 65254.87, 35098.5, 0, nan, nan, 0
100, 4000, 15, 0, 1, 315144944, 210096.62933333335, 143824.5, 0, nan, nan, 0
100, 4000, 1, 0, 5, 1454824, 2909.648, 2130.0, 0, nan, nan, 0
100, 4000, 2, 0, 5, 7468311, 7468.311, 5256.5, 0, nan, nan, 0
100, 4000, 4, 0, 5, 31759720, 15879.86, 5609.0, 0, nan, nan, 0
100, 4000, 8, 0, 5, 97532812, 24383.203, 5650.0, 0, nan, nan, 0
100, 4000, 15, 0, 5, 531646694, 70886.22586666666, 7332.0, 0, nan, nan, 0
100, 4000, 1, 0, 10, 2348255, 2348.255, 1944.0, 0, nan, nan, 0
100, 4000, 2, 0, 10, 13860053, 6930.0265, 5301.0, 0, nan, nan, 0
100, 4000, 4, 0, 10, 44129551, 11032.38775, 5201.0, 0, nan, nan, 0
100, 4000, 8, 0, 10, 148529071, 18566.133875, 5431.0, 0, nan, nan, 0
100, 4000, 15, 0, 10, 1912906647, 127527.1098, 25993.5, 0, nan, nan, 0
100, 8000, 1, 0, 1, 717903, 7179.03, 4158.5, 0, nan, nan, 0
100, 8000, 2, 0, 1, 2817145, 14085.725, 8303.5, 0, nan, nan, 0
100, 8000, 4, 0, 1, 15587580, 38968.95, 16981.0, 0, nan, nan, 0
100, 8000, 8, 0, 1, 52616048, 65770.06, 36900.5, 0, nan, nan, 0
100, 8000, 15, 0, 1, 298949705, 199299.80333333334, 144655.5, 0, nan, nan, 0
100, 8000, 1, 0, 5, 1555301, 3110.602, 2094.0, 0, nan, nan, 0
100, 8000, 2, 0, 5, 7067438, 7067.438, 5315.5, 0, nan, nan, 0
100, 8000, 4, 0, 5, 28830426, 14415.213, 5538.0, 0, nan, nan, 0
100, 8000, 8, 0, 5, 90216721, 22554.18025, 5544.0, 0, nan, nan, 0
100, 8000, 15, 0, 5, 347319182, 46309.224266666664, 6278.0, 0, nan, nan, 0
100, 8000, 1, 0, 10, 2483907, 2483.907, 1957.0, 0, nan, nan, 0
100, 8000, 2, 0, 10, 13869765, 6934.8825, 5209.5, 0, nan, nan, 0
100, 8000, 4, 0, 10, 42510878, 10627.7195, 5301.0, 0, nan, nan, 0
100, 8000, 8, 0, 10, 116268306, 14533.53825, 5630.0, 0, nan, nan, 0
100, 8000, 15, 0, 10, 583398408, 38893.2272, 6742.0, 0, nan, nan, 0
100, 16000, 1, 0, 1, 1085094, 10850.94, 5260.5, 0, nan, nan, 0
100, 16000, 2, 0, 1, 3786603, 18933.015, 8370.5, 0, nan, nan, 0
100, 16000, 4, 0, 1, 26107624, 65269.06, 15531.5, 0, nan, nan, 0
100, 16000, 8, 0, 1, 62618887, 78273.60875, 44059.0, 0, nan, nan, 0
100, 16000, 15, 0, 1, 345201185, 230134.12333333332, 163557.0, 0, nan, nan, 0
100, 16000, 1, 0, 5, 2407033, 4814.066, 2466.5, 0, nan, nan, 0
100, 16000, 2, 0, 5, 8074390, 8074.39, 5423.5, 0, nan, nan, 0
100, 16000, 4, 0, 5, 41072383, 20536.1915, 5592.5, 0, nan, nan, 0
100, 16000, 8, 0, 5, 105384293, 26346.07325, 5914.5, 0, nan, nan, 0
100, 16000, 15, 0, 5, 416005437, 55467.3916, 6428.5, 0, nan, nan, 0
100, 16000, 1, 0, 10, 2820911, 2820.911, 2012.0, 0, nan, nan, 0
100, 16000, 2, 0, 10, 15558614, 7779.307, 5528.0, 0, nan, nan, 0
100, 16000, 4, 0, 10, 44506764, 11126.691, 5356.0, 0, nan, nan, 0
100, 16000, 8, 0, 10, 112136343, 14017.042875, 5598.0, 0, nan, nan, 0
100, 16000, 15, 0, 10, 461094017, 30739.601133333334, 5842.0, 0, nan, nan, 0
100, 32000, 1, 0, 1, 1177150, 11771.5, 7558.0, 0, nan, nan, 0
100, 32000, 2, 0, 1, 6630014, 33150.07, 11466.0, 0, nan, nan, 0
100, 32000, 4, 0, 1, 25273328, 63183.32, 24426.5, 0, nan, nan, 0
100, 32000, 8, 0, 1, 72432403, 90540.50375, 54858.5, 0, nan, nan, 0
100, 32000, 15, 0, 1, 424430393, 282953.59533333336, 199248.0, 0, nan, nan, 0
100, 32000, 1, 0, 5, 3002427, 6004.854, 3332.5, 0, nan, nan, 0
100, 32000, 2, 0, 5, 10420111, 10420.111, 5967.5, 0, nan, nan, 0
100, 32000, 4, 0, 5, 38022361, 19011.1805, 6330.0, 0, nan, nan, 0
100, 32000, 8, 0, 5, 107627945, 26906.98625, 6457.5, 0, nan, nan, 0
100, 32000, 15, 0, 5, 466255937, 62167.45826666667, 7467.5, 0, nan, nan, 0
100, 32000, 1, 0, 10, 3497708, 3497.708, 2215.0, 0, nan, nan, 0
100, 32000, 2, 0, 10, 14044236, 7022.118, 5358.0, 0, nan, nan, 0
100, 32000, 4, 0, 10, 52714467, 13178.61675, 5367.5, 0, nan, nan, 0
100, 32000, 8, 0, 10, 151022384, 18877.798, 5592.0, 0, nan, nan, 0
100, 32000, 15, 0, 10, 514546288, 34303.08586666667, 6274.0, 0, nan, nan, 0
100, 64000, 1, 0, 1, 2568845, 25688.45, 7650.5, 0, nan, nan, 0
100, 64000, 2, 0, 1, 8174216, 40871.08, 13255.0, 0, nan, nan, 0
100, 64000, 4, 0, 1, 28635782, 71589.455, 33952.5, 0, nan, nan, 0
100, 64000, 8, 0, 1, 104370294, 130462.8675, 69232.5, 0, nan, nan, 0
100, 64000, 15, 0, 1, 509198213, 339465.4753333333, 228959.5, 0, nan, nan, 0
100, 64000, 1, 0, 5, 3729163, 7458.326, 3615.0, 0, nan, nan, 0
100, 64000, 2, 0, 5, 11039762, 11039.762, 6200.0, 0, nan, nan, 0
100, 64000, 4, 0, 5, 52831696, 26415.848, 7734.0, 0, nan, nan, 0
100, 64000, 8, 0, 5, 146010333, 36502.58325, 8239.0, 0, nan, nan, 0
100, 64000, 15, 0, 5, 500098203, 66679.7604, 8875.5, 0, nan, nan, 0
100, 64000, 1, 0, 10, 4150072, 4150.072, 2724.0, 0, nan, nan, 0
100, 64000, 2, 0, 10, 17949363, 8974.6815, 5737.0, 0, nan, nan, 0
100, 64000, 4, 0, 10, 56050213, 14012.55325, 5884.5, 0, nan, nan, 0
100, 64000, 8, 0, 10, 143337070, 17917.13375, 6261.0, 0, nan, nan, 0
100, 64000, 15, 0, 10, 619837245, 41322.483, 6516.0, 0, nan, nan, 0
500, 500, 1, 0, 1, 2041994, 4083.988, 3333.0, 0, nan, nan, 0
500, 500, 2, 0, 1, 9112566, 9112.566, 7521.5, 0, nan, nan, 0
500, 500, 4, 0, 1, 86770060, 43385.03, 24041.5, 0, nan, nan, 0
500, 500, 8, 0, 1, 266084431, 66521.10775, 41373.0, 0, nan, nan, 0
500, 500, 15, 0, 1, 3373032522, 449737.6696, 362467.0, 0, nan, nan, 0
500, 500, 1, 0, 5, 5823567, 2329.4268, 1806.5, 0, nan, nan, 0
500, 500, 2, 0, 5, 39555817, 7911.1634, 5271.0, 0, nan, nan, 0
500, 500, 4, 0, 5, 160912810, 16091.281, 5233.0, 0, nan, nan, 0
500, 500, 8, 0, 5, 3117791737.0, 155905.17736773676, 140880.0, 0, nan, nan, 0
500, 500, 15, 0, 5, 12916432341, 344438.19576, 201650.5, 0, nan, nan, 0
500, 500, 1, 0, 10, 10253292, 2050.6584, 1683.0, 0, nan, nan, 0
500, 500, 2, 0, 10, 65658857, 6565.8857, 5033.0, 0, nan, nan, 0
500, 500, 4, 0, 10, 337082297, 16854.11485, 5034.5, 0, nan, nan, 0
500, 500, 8, 0, 10, 7906783427, 197669.585675, 195902.0, 0, nan, nan, 0
500, 500, 15, 0, 10, 33126103852.0, 441693.16317768476, 265047.0, 0, nan, nan, 0
500, 1000, 1, 0, 1, 2130060, 4260.12, 3533.0, 0, nan, nan, 0
500, 1000, 2, 0, 1, 9708804, 9708.804, 7640.0, 0, nan, nan, 0
500, 1000, 4, 0, 1, 74110325, 37055.1625, 12507.0, 0, nan, nan, 0
500, 1000, 8, 0, 1, 294377486, 73594.3715, 47659.0, 0, nan, nan, 0
500, 1000, 15, 0, 1, 1284642486, 171285.6648, 128585.5, 0, nan, nan, 0
500, 1000, 1, 0, 5, 6031843, 2412.7372, 2013.5, 0, nan, nan, 0
500, 1000, 2, 0, 5, 41383682, 8276.7364, 5086.0, 0, nan, nan, 0
500, 1000, 4, 0, 5, 124041308, 12404.1308, 5174.0, 0, nan, nan, 0
500, 1000, 8, 0, 5, 871831099, 43591.55495, 8599.0, 0, nan, nan, 0
500, 1000, 15, 0, 5, 15581702013, 415512.05368, 175521.5, 0, nan, nan, 0
500, 1000, 1, 0, 10, 11930093, 2386.0186, 1958.0, 0, nan, nan, 0
500, 1000, 2, 0, 10, 63975073, 6397.5073, 5110.0, 0, nan, nan, 0
500, 1000, 4, 0, 10, 237037792, 11851.8896, 5258.0, 0, nan, nan, 0
500, 1000, 8, 0, 10, 5531296326, 138282.40815, 130657.5, 0, nan, nan, 0
500, 1000, 15, 0, 10, 24505903028.0, 326754.08714899066, 207890.0, 0, nan, nan, 0
500, 2000, 1, 0, 1, 2115190, 4230.38, 3400.5, 0, nan, nan, 0
500, 2000, 2, 0, 1, 9249641, 9249.641, 7700.0, 0, nan, nan, 0
500, 2000, 4, 0, 1, 76549488, 38274.744, 11652.0, 0, nan, nan, 0
500, 2000, 8, 0, 1, 233373655, 58343.41375, 37015.5, 0, nan, nan, 0
500, 2000, 15, 0, 1, 1469410629, 195921.4172, 146749.0, 0, nan, nan, 0
500, 2000, 1, 0, 5, 6413339, 2565.3356, 2197.0, 0, nan, nan, 0
500, 2000, 2, 0, 5, 31832800, 6366.56, 5185.0, 0, nan, nan, 0
500, 2000, 4, 0, 5, 126014355, 12601.4355, 5167.0, 0, nan, nan, 0
500, 2000, 8, 0, 5, 400751878, 20037.5939, 6039.0, 0, nan, nan, 0
500, 2000, 15, 0, 5, 9024772957, 240660.61218666667, 168273.5, 0, nan, nan, 0
500, 2000, 1, 0, 10, 10590880, 2118.176, 1814.0, 0, nan, nan, 0
500, 2000, 2, 0, 10, 65771020, 6577.102, 5104.0, 0, nan, nan, 0
500, 2000, 4, 0, 10, 167802271, 8390.11355, 4994.5, 0, nan, nan, 0
500, 2000, 8, 0, 10, 1047788395, 26194.709875, 5703.0, 0, nan, nan, 0
500, 2000, 15, 0, 10, 31719136727.0, 422966.93950021337, 187256.5, 0, nan, nan, 0
500, 4000, 1, 0, 1, 3884247, 7768.494, 3866.0, 0, nan, nan, 0
500, 4000, 2, 0, 1, 10022475, 10022.475, 7905.5, 0, nan, nan, 0
500, 4000, 4, 0, 1, 76033361, 38016.6805, 19336.5, 0, nan, nan, 0
500, 4000, 8, 0, 1, 283355543, 70838.88575, 40879.0, 0, nan, nan, 0
500, 4000, 15, 0, 1, 1638214062, 218428.5416, 165369.0, 0, nan, nan, 0
500, 4000, 1, 0, 5, 7119447, 2847.7788, 2354.0, 0, nan, nan, 0
500, 4000, 2, 0, 5, 37250235, 7450.047, 5485.5, 0, nan, nan, 0
500, 4000, 4, 0, 5, 127438895, 12743.8895, 5401.0, 0, nan, nan, 0
500, 4000, 8, 0, 5, 340041667, 17002.08335, 5744.0, 0, nan, nan, 0
500, 4000, 15, 0, 5, 2456716433, 65512.438213333335, 6807.0, 0, nan, nan, 0
500, 4000, 1, 0, 10, 12938526, 2587.7052, 2144.0, 0, nan, nan, 0
500, 4000, 2, 0, 10, 62634114, 6263.4114, 5050.0, 0, nan, nan, 0
500, 4000, 4, 0, 10, 188564077, 9428.20385, 5108.0, 0, nan, nan, 0
500, 4000, 8, 0, 10, 541546012, 13538.6503, 5450.0, 0, nan, nan, 0
500, 4000, 15, 0, 10, 7335587679.0, 97813.05241612886, 13629.0, 0, nan, nan, 0
500, 8000, 1, 0, 1, 3327275, 6654.55, 3917.5, 0, nan, nan, 0
500, 8000, 2, 0, 1, 16462929, 16462.929, 8419.0, 0, nan, nan, 0
500, 8000, 4, 0, 1, 94160360, 47080.18, 30955.5, 0, nan, nan, 0
500, 8000, 8, 0, 1, 330159139, 82539.78475, 44982.0, 0, nan, nan, 0
500, 8000, 15, 0, 1, 1586645152, 211552.68693333335, 139850.5, 0, nan, nan, 0
500, 8000, 1, 0, 5, 9915622, 3966.2488, 2484.5, 0, nan, nan, 0
500, 8000, 2, 0, 5, 33110916, 6622.1832, 5119.5, 0, nan, nan, 0
500, 8000, 4, 0, 5, 138439491, 13843.9491, 5390.0, 0, nan, nan, 0
500, 8000, 8, 0, 5, 332017992, 16600.8996, 5832.5, 0, nan, nan, 0
500, 8000, 4, 0, 10, 185069329, 9253.46645, 5118.0, 0, nan, nan, 0
500, 8000, 8, 0, 10, 462191315, 11554.782875, 5444.5, 0, nan, nan, 0
1000, 1000, 15, 0, 1, 2920266021, 194684.4014, 142613.5, 0, nan, nan, 0
1000, 1000, 15, 0, 5, 32721515126.0, 436310.1382207051, 189439.5, 0, nan, nan, 0
1000, 1000, 15, 0, 10, 65153785663.0, 434399.115004067, 187817.0, 0, nan, nan, 0
1000, 16000, 15, 0, 1, 3625153026, 241676.8684, 171512.5, 0, nan, nan, 0
1000, 16000, 15, 0, 5, 3776141991, 50348.55988, 6807.0, 0, nan, nan, 0
1000, 16000, 15, 0, 10, 4405544541.0, 29371.471798871953, 6203.0, 0, nan, nan, 0
1000, 500, 15, 0.0125, 1, 8457251950, 563816.7966666666, 501485.5, 0, nan, nan, 0
1000, 500, 15, 0.0125, 5, 25092172395, 334562.2986, 216677.0, 0, nan, nan, 0
1000, 500, 15, 0.0125, 10, 54999754855.0, 366674.8103616096, 267021.5, 0, nan, nan, 0
1000, 1000, 15, 0.0125, 1, 4746552862, 316436.85746666667, 221108.0, 0, nan, nan, 0
1000, 1000, 15, 0.0125, 5, 32498058595.0, 433319.0031067495, 204032.0, 0, nan, nan, 0
1000, 1000, 15, 0.0125, 10, 56614342410.0, 377433.9818530914, 213432.5, 0, nan, nan, 0
1000, 2000, 15, 0.0125, 1, 7221722408, 481448.1605333333, 328993.5, 0, nan, nan, 0
1000, 2000, 15, 0.0125, 5, 29071352653, 387618.0353733333, 222603.0, 0, nan, nan, 0
1000, 2000, 15, 0.0125, 10, 70845254810.0, 472314.2937811675, 168869.0, 0, nan, nan, 0
1000, 4000, 15, 0.0125, 1, 10881306854, 725420.4569333333, 648847.0, 0, nan, nan, 0
1000, 4000, 15, 0.0125, 5, 6525843846, 87011.25128, 7021.5, 0, nan, nan, 0
1000, 4000, 15, 0.0125, 10, 51835679198.0, 345575.80233069777, 212557.0, 0, nan, nan, 0
1000, 16000, 15, 0.0125, 1, 27110417206, 1807361.1470666667, 1841968.5, 0, nan, nan, 0
1000, 16000, 15, 0.0125, 5, 9132422699, 121765.63598666666, 9443.0, 0, nan, nan, 0
1000, 16000, 15, 0.0125, 10, 7540332205, 50268.88136666667, 6635.0, 0, nan, nan, 0
1000, 32000, 15, 0.0125, 1, 48414231089, 3227615.4059333336, 3228570.5, 0, nan, nan, 0
1000, 32000, 15, 0.0125, 5, 13960159059, 186135.45412, 10380.0, 0, nan, nan, 0
1000, 32000, 15, 0.0125, 10, 9838453737, 65589.69158, 6655.0, 0, nan, nan, 0
1000, 64000, 15, 0.0125, 1, 89539860719, 5969324.047933334, 5917971.5, 0, nan, nan, 0
1000, 64000, 15, 0.0125, 5, 23070336974, 307604.4929866667, 12178.5, 0, nan, nan, 0
1000, 64000, 15, 0.0125, 10, 14636050479, 97573.66986, 6930.0, 0, nan, nan, 0
1000, 500, 15, 0.025, 1, 9091061220, 606070.748, 566187.0, 0, nan, nan, 0
1000, 500, 15, 0.025, 5, 27990069222.0, 373210.8752500067, 218170.5, 0, nan, nan, 0
1000, 500, 15, 0.025, 10, 76108770118.0, 507405.3315955092, 319084.5, 0, nan, nan, 0
1000, 1000, 15, 0.025, 1, 6844701015, 456313.401, 325401.5, 0, nan, nan, 0
1000, 1000, 15, 0.025, 5, 34062863485, 454171.51313333336, 207026.5, 0, nan, nan, 0
1000, 1000, 15, 0.025, 10, 69664270942.0, 464447.05082869984, 211590.0, 0, nan, nan, 0
1000, 2000, 15, 0.025, 1, 10454004892, 696933.6594666666, 617704.0, 0, nan, nan, 0
1000, 2000, 15, 0.025, 5, 33802721291.0, 450714.969612523, 232082.5, 0, nan, nan, 0
1000, 2000, 15, 0.025, 10, 76529809878, 510198.73252, 181404.0, 0, nan, nan, 0
1000, 4000, 15, 0.025, 1, 16417193384, 1094479.5589333333, 1031144.0, 0, nan, nan, 0
1000, 4000, 15, 0.025, 5, 8963735470, 119516.47293333334, 9499.0, 0, nan, nan, 0
1000, 4000, 15, 0.025, 10, 69421026166.0, 462813.01194682595, 192562.5, 0, nan, nan, 0
1000, 8000, 15, 0.025, 1, 27132629888, 1808841.9925333334, 1840948.0, 0, nan, nan, 0
1000, 8000, 15, 0.025, 5, 8969115857, 119588.21142666666, 9204.0, 0, nan, nan, 0
1000, 8000, 15, 0.025, 10, 9892848501, 65952.32334, 6642.0, 0, nan, nan, 0
1000, 16000, 15, 0.025, 1, 48273138491, 3218209.2327333335, 3227001.0, 0, nan, nan, 0
1000, 16000, 15, 0.025, 5, 13702424511, 182698.99348, 9706.5, 0, nan, nan, 0
1000, 16000, 15, 0.025, 10, 9731683071, 64877.88714, 6429.0, 0, nan, nan, 0
1000, 32000, 15, 0.025, 1, 89522241101, 5968149.406733333, 5918050.5, 0, nan, nan, 0
1000, 32000, 15, 0.025, 5, 22456868341.0, 299480.8142986691, 11039.0, 0, nan, nan, 0
1000, 32000, 15, 0.025, 10, 14277863763, 95185.75842, 6563.0, 0, nan, nan, 0
1000, 64000, 15, 0.025, 1, 176647154561, 11776476.970733333, 11780360.5, 0, nan, nan, 0
1000, 64000, 15, 0.025, 5, 39240969420, 523212.9256, 11706.0, 0, nan, nan, 0
1000, 64000, 15, 0.025, 10, 23102179833, 154014.53222, 6925.0, 0, nan, nan, 0
100, 500, 15, 0.05, 1, 950974220, 633982.8133333334, 618413.5, 0, nan, nan, 0
100, 500, 15, 0.05, 5, 2873304482, 383107.26426666667, 237772.5, 0, nan, nan, 0
100, 500, 15, 0.05, 10, 6873186248, 458212.4165333333, 338886.5, 0, nan, nan, 0
100, 1000, 15, 0.05, 1, 1131598333, 754398.8886666667, 659669.0, 0, nan, nan, 0
100, 1000, 15, 0.05, 5, 3644269863, 485902.6484, 224535.5, 0, nan, nan, 0
100, 1000, 15, 0.05, 10, 6374192085, 424946.139, 265071.5, 0, nan, nan, 0
100, 2000, 15, 0.05, 1, 1639221797, 1092814.5313333333, 1016348.0, 0, nan, nan, 0
100, 2000, 15, 0.05, 5, 5016288534, 668838.4712, 299695.5, 0, nan, nan, 0
100, 2000, 15, 0.05, 10, 9134557493, 608970.4995333333, 194505.5, 0, nan, nan, 0
100, 4000, 15, 0.05, 1, 2652233880, 1768155.92, 1773436.0, 0, nan, nan, 0
100, 4000, 15, 0.05, 5, 4099656695, 546620.8926666667, 455330.5, 0, nan, nan, 0
100, 4000, 15, 0.05, 10, 10728233674, 715215.5782666666, 278477.0, 0, nan, nan, 0
100, 8000, 15, 0.05, 1, 4777459262, 3184972.8413333334, 3144759.5, 0, nan, nan, 0
100, 8000, 15, 0.05, 5, 4347305876, 579640.7834666667, 529467.0, 0, nan, nan, 0
100, 8000, 15, 0.05, 10, 9634900924, 642326.7282666666, 284636.0, 0, nan, nan, 0
100, 16000, 15, 0.05, 1, 8884074521, 5922716.347333333, 5890448.0, 0, nan, nan, 0
100, 16000, 15, 0.05, 5, 2830319961, 377375.9948, 16767.0, 0, nan, nan, 0
100, 16000, 15, 0.05, 10, 9329287987, 621952.5324666667, 554082.0, 0, nan, nan, 0
100, 32000, 15, 0.05, 1, 17613584476, 11742389.650666667, 11766607.0, 0, nan, nan, 0
100, 32000, 15, 0.05, 5, 3994999247, 532666.5662666666, 10764.5, 0, nan, nan, 0
100, 32000, 15, 0.05, 10, 3173191204, 211546.08026666666, 7905.0, 0, nan, nan, 0
100, 64000, 15, 0.05, 1, 34495700680, 22997133.786666665, 23003831.5, 0, nan, nan, 0
100, 64000, 15, 0.05, 5, 7358969071, 981195.8761333333, 11438.5, 0, nan, nan, 0
100, 64000, 15, 0.05, 10, 4135683424, 275712.22826666664, 6989.5, 0, nan, nan, 0
500, 1000, 15, 0.05, 1, 5445579694, 726077.2925333333, 659402.5, 0, nan, nan, 0
500, 1000, 15, 0.05, 5, 18499152547, 493310.7345866667, 228017.0, 0, nan, nan, 0
500, 1000, 15, 0.05, 10, 30419186895, 405589.1586, 268309.0, 0, nan, nan, 0
500, 2000, 15, 0.05, 1, 8133789584, 1084505.2778666667, 1024747.5, 0, nan, nan, 0
500, 2000, 15, 0.05, 5, 24210072928, 645601.9447466667, 270379.0, 0, nan, nan, 0
500, 2000, 15, 0.05, 10, 46317438940.0, 617582.3213952372, 161423.5, 0, nan, nan, 0
500, 4000, 15, 0.05, 1, 13516190034, 1802158.6712, 1805047.0, 0, nan, nan, 0
500, 4000, 15, 0.05, 5, 21340228703, 569072.7654133333, 337327.5, 0, nan, nan, 0
500, 4000, 15, 0.05, 10, 46201122877, 616014.9716933334, 418891.0, 0, nan, nan, 0
500, 16000, 15, 0.05, 1, 44664065955, 5955208.794, 5914335.5, 0, nan, nan, 0
500, 16000, 15, 0.05, 5, 15772268475, 420593.826, 81998.5, 0, nan, nan, 0
500, 16000, 15, 0.05, 10, 48713780016, 649517.06688, 625699.0, 0, nan, nan, 0
500, 32000, 15, 0.05, 1, 88300103380, 11773347.117333334, 11766938.5, 0, nan, nan, 0
500, 32000, 15, 0.05, 5, 19544184454, 521178.2521066667, 10961.0, 0, nan, nan, 0
500, 32000, 15, 0.05, 10, 15849619011, 211328.25348, 7671.0, 0, nan, nan, 0
500, 64000, 15, 0.05, 1, 172916265626, 23055502.083466668, 23029141.0, 0, nan, nan, 0
500, 64000, 15, 0.05, 5, 36529159993, 974110.9331466666, 11774.5, 0, nan, nan, 0
500, 64000, 15, 0.05, 10, 20338696951, 271182.6260133333, 6863.5, 0, nan, nan, 0
1000, 500, 15, 0.05, 1, 9653228870, 643548.5913333333, 629462.5, 0, nan, nan, 0
1000, 500, 15, 0.05, 5, 36241511483, 483220.1531066667, 198588.0, 0, nan, nan, 0
1000, 500, 15, 0.05, 10, 69094424706, 460629.49804, 313567.0, 0, nan, nan, 0
1000, 1000, 1, 0.05, 1, 3813513, 3813.513, 3332.0, 0, nan, nan, 0
1000, 1000, 15, 0.05, 1, 10544047100, 702936.4733333334, 638444.0, 0, nan, nan, 0
1000, 1000, 1, 0.05, 5, 14079426, 2815.8852, 2308.0, 0, nan, nan, 0
1000, 1000, 15, 0.05, 5, 38937267946.0, 519177.41734446253, 224181.0, 0, nan, nan, 0
1000, 1000, 1, 0.05, 10, 20732324, 2073.2324, 1832.0, 0, nan, nan, 0
1000, 1000, 15, 0.05, 10, 68598435500.0, 457335.0989359716, 226866.0, 0, nan, nan, 0
1000, 2000, 1, 0.05, 1, 5181746, 5181.746, 3962.5, 0, nan, nan, 0
1000, 2000, 15, 0.05, 1, 16096675807, 1073111.7204666666, 1012234.5, 0, nan, nan, 0
1000, 2000, 1, 0.05, 5, 11909614, 2381.9228, 1967.0, 0, nan, nan, 0
1000, 2000, 15, 0.05, 5, 44298176182, 590642.3490933334, 284979.0, 0, nan, nan, 0
1000, 2000, 1, 0.05, 10, 24487524, 2448.7524, 2092.0, 0, nan, nan, 0
1000, 2000, 15, 0.05, 10, 84751462451, 565009.7496733334, 204809.0, 0, nan, nan, 0
1000, 4000, 1, 0.05, 1, 4455317, 4455.317, 3562.0, 0, nan, nan, 0
1000, 4000, 15, 0.05, 1, 27256583632, 1817105.5754666666, 1834499.5, 0, nan, nan, 0
1000, 4000, 1, 0.05, 5, 15391231, 3078.2462, 2426.0, 0, nan, nan, 0
1000, 4000, 15, 0.05, 5, 43818637250, 584248.4966666667, 300544.5, 0, nan, nan, 0
1000, 4000, 1, 0.05, 10, 27363737, 2736.3737, 2286.0, 0, nan, nan, 0
1000, 4000, 15, 0.05, 10, 102708575108, 684723.8340533334, 282449.5, 0, nan, nan, 0
1000, 8000, 1, 0.05, 1, 6817873, 6817.873, 4420.0, 0, nan, nan, 0
1000, 8000, 15, 0.05, 1, 48217254183, 3214483.6122, 3211705.5, 0, nan, nan, 0
1000, 8000, 1, 0.05, 5, 15783776, 3156.7552, 2432.5, 0, nan, nan, 0
1000, 8000, 15, 0.05, 5, 43910692464, 585475.89952, 517690.5, 0, nan, nan, 0
1000, 8000, 1, 0.05, 10, 28730000, 2873.0, 2438.0, 0, nan, nan, 0
1000, 8000, 15, 0.05, 10, 93967934028, 626452.89352, 291806.5, 0, nan, nan, 0
1000, 16000, 1, 0.05, 1, 8682453, 8682.453, 4601.0, 0, nan, nan, 0
1000, 16000, 2, 0.05, 1, 868192090, 434096.045, 322029.5, 0, nan, nan, 0
1000, 16000, 15, 0.05, 1, 89343587490, 5956239.166, 5910692.0, 0, nan, nan, 0
1000, 16000, 1, 0.05, 5, 14839233, 2967.8466, 2262.0, 0, nan, nan, 0
1000, 16000, 2, 0.05, 5, 252300879, 25230.0879, 6359.0, 0, nan, nan, 0
1000, 16000, 15, 0.05, 5, 30041090622, 400547.87496, 38967.5, 0, nan, nan, 0
1000, 16000, 1, 0.05, 10, 33263823, 3326.3823, 2608.0, 0, nan, nan, 0
1000, 16000, 2, 0.05, 10, 217361664, 10868.0832, 5498.0, 0, nan, nan, 0
1000, 16000, 15, 0.05, 10, 91038903412, 606926.0227466667, 567744.5, 0, nan, nan, 0
1000, 32000, 1, 0.05, 1, 10035132, 10035.132, 6565.5, 0, nan, nan, 0
1000, 32000, 2, 0.05, 1, 1699101390, 849550.695, 874090.5, 0, nan, nan, 0
1000, 32000, 15, 0.05, 1, 175919309905, 11727953.993666667, 11724387.0, 0, nan, nan, 0
1000, 32000, 1, 0.05, 5, 20413904, 4082.7808, 2989.5, 0, nan, nan, 0
1000, 32000, 2, 0.05, 5, 426441815, 42644.1815, 6871.0, 0, nan, nan, 0
1000, 32000, 15, 0.05, 5, 39252115283, 523361.53710666666, 11026.5, 0, nan, nan, 0
1000, 32000, 1, 0.05, 10, 31006332, 3100.6332, 2473.5, 0, nan, nan, 0
1000, 32000, 2, 0.05, 10, 309377467, 15468.87335, 5484.0, 0, nan, nan, 0
1000, 32000, 15, 0.05, 10, 31059004829, 207060.03219333335, 7273.0, 0, nan, nan, 0
1000, 64000, 1, 0.05, 1, 11423401, 11423.401, 7821.5, 0, nan, nan, 0
1000, 64000, 2, 0.05, 1, 3363901049, 1681950.5245, 2120792.5, 0, nan, nan, 0
1000, 64000, 15, 0.05, 1, 345411913013, 23027460.867533334, 23001420.0, 0, nan, nan, 0
1000, 64000, 1, 0.05, 5, 22069109, 4413.8218, 3336.5, 0, nan, nan, 0
1000, 64000, 2, 0.05, 5, 757765789, 75776.5789, 7677.5, 0, nan, nan, 0
1000, 64000, 15, 0.05, 5, 73223955501, 976319.40668, 11887.5, 0, nan, nan, 0
1000, 64000, 1, 0.05, 10, 36012702, 3601.2702, 2726.0, 0, nan, nan, 0
1000, 64000, 2, 0.05, 10, 480510492, 24025.5246, 5408.0, 0, nan, nan, 0
1000, 64000, 4, 0.05, 10, 2509704690, 62742.61725, 5902.0, 0, nan, nan, 0
1000, 64000, 15, 0.05, 10, 39972598689, 266483.99126, 7001.0, 0, nan, nan, 0
100, 500, 1, 0.1, 1, 575172, 5751.72, 3472.0, 0, nan, nan, 0
100, 500, 2, 0.1, 1, 8734051, 43670.255, 30183.0, 0, nan, nan, 0
100, 500, 15, 0.1, 1, 1281283473, 854188.982, 857070.5, 0, nan, nan, 0
100, 500, 1, 0.1, 5, 1346637, 2693.274, 1908.5, 0, nan, nan, 0
100, 500, 2, 0.1, 5, 7492241, 7492.241, 3912.0, 0, nan, nan, 0
100, 500, 15, 0.1, 5, 2867782792, 382371.03893333336, 257973.0, 0, nan, nan, 0
100, 500, 1, 0.1, 10, 2583140, 2583.14, 1723.5, 0, nan, nan, 0
100, 500, 2, 0.1, 10, 15553693, 7776.8465, 5282.0, 0, nan, nan, 0
100, 500, 15, 0.1, 10, 6520730094, 434715.3396, 310604.0, 0, nan, nan, 0
100, 1000, 1, 0.1, 1, 571310, 5713.1, 3238.0, 0, nan, nan, 0
100, 1000, 2, 0.1, 1, 13947066, 69735.33, 77833.0, 0, nan, nan, 0
100, 1000, 4, 0.1, 1, 74112059, 185280.1475, 155513.5, 0, nan, nan, 0
100, 1000, 15, 0.1, 1, 1692514660, 1128343.1066666667, 1061773.0, 0, nan, nan, 0
100, 1000, 1, 0.1, 5, 1446120, 2892.24, 2065.0, 0, nan, nan, 0
100, 1000, 2, 0.1, 5, 9586358, 9586.358, 5294.0, 0, nan, nan, 0
100, 1000, 4, 0.1, 5, 43564762, 21782.381, 5706.5, 0, nan, nan, 0
100, 1000, 15, 0.1, 5, 4360837428, 581444.9904, 293431.5, 0, nan, nan, 0
100, 1000, 1, 0.1, 10, 2285680, 2285.68, 1755.0, 0, nan, nan, 0
100, 1000, 2, 0.1, 10, 11307988, 5653.994, 3677.0, 0, nan, nan, 0
100, 1000, 4, 0.1, 10, 68173432, 17043.358, 4246.5, 0, nan, nan, 0
100, 1000, 15, 0.1, 10, 6883268248, 458884.54986666667, 257448.0, 0, nan, nan, 0
100, 2000, 1, 0.1, 1, 605146, 6051.46, 3233.0, 0, nan, nan, 0
100, 2000, 2, 0.1, 1, 24314461, 121572.305, 175998.0, 0, nan, nan, 0
100, 2000, 4, 0.1, 1, 147816220, 369540.55, 336084.5, 0, nan, nan, 0
100, 2000, 15, 0.1, 1, 2743957165, 1829304.7766666666, 1793202.0, 0, nan, nan, 0
100, 2000, 1, 0.1, 5, 1433108, 2866.216, 2042.0, 0, nan, nan, 0
100, 2000, 2, 0.1, 5, 13668359, 13668.359, 5398.5, 0, nan, nan, 0
100, 2000, 4, 0.1, 5, 50806635, 25403.3175, 5792.0, 0, nan, nan, 0
100, 2000, 15, 0.1, 5, 6161520655, 821536.0873333333, 506642.5, 0, nan, nan, 0
100, 2000, 1, 0.1, 10, 3347549, 3347.549, 2028.0, 0, nan, nan, 0
100, 2000, 2, 0.1, 10, 16279783, 8139.8915, 5170.0, 0, nan, nan, 0
100, 2000, 4, 0.1, 10, 58647767, 14661.94175, 5251.0, 0, nan, nan, 0
100, 2000, 15, 0.1, 10, 8986943455.0, 599249.4135493765, 402805.0, 0, nan, nan, 0
100, 4000, 1, 0.1, 1, 654044, 6540.44, 3854.0, 0, nan, nan, 0
100, 4000, 2, 0.1, 1, 46348431, 231742.155, 294574.0, 0, nan, nan, 0
100, 4000, 15, 0.1, 1, 4767395097, 3178263.398, 3140987.5, 0, nan, nan, 0
100, 4000, 1, 0.1, 5, 1488690, 2977.38, 2078.5, 0, nan, nan, 0
100, 4000, 2, 0.1, 5, 16105367, 16105.367, 5454.0, 0, nan, nan, 0
100, 4000, 15, 0.1, 5, 8875853742, 1183447.1656, 1231976.5, 0, nan, nan, 0
100, 4000, 1, 0.1, 10, 2618232, 2618.232, 2163.5, 0, nan, nan, 0
100, 4000, 2, 0.1, 10, 18124868, 9062.434, 5211.0, 0, nan, nan, 0
100, 4000, 15, 0.1, 10, 13044858283, 869657.2188666667, 368951.5, 0, nan, nan, 0
100, 8000, 1, 0.1, 1, 709017, 7090.17, 4031.5, 0, nan, nan, 0
100, 8000, 2, 0.1, 1, 87337250, 436686.25, 503808.0, 0, nan, nan, 0
100, 8000, 15, 0.1, 1, 8817354752, 5878236.501333334, 5860720.5, 0, nan, nan, 0
100, 8000, 1, 0.1, 5, 1544665, 3089.33, 2131.0, 0, nan, nan, 0
100, 8000, 2, 0.1, 5, 24612144, 24612.144, 5632.0, 0, nan, nan, 0
100, 8000, 15, 0.1, 5, 11964255065, 1595234.0086666667, 1802372.5, 0, nan, nan, 0
100, 8000, 1, 0.1, 10, 2428753, 2428.753, 1999.5, 0, nan, nan, 0
100, 8000, 2, 0.1, 10, 21287672, 10643.836, 5124.0, 0, nan, nan, 0
100, 8000, 15, 0.1, 10, 16746200266, 1116413.3510666667, 1157798.5, 0, nan, nan, 0
100, 16000, 1, 0.1, 1, 922208, 9222.08, 5600.0, 0, nan, nan, 0
100, 16000, 2, 0.1, 1, 173491731, 867458.655, 1382446.5, 0, nan, nan, 0
100, 16000, 4, 0.1, 1, 1009222157, 2523055.3925, 2019159.0, 0, nan, nan, 0
100, 16000, 15, 0.1, 1, 17507687592, 11671791.728, 11737054.5, 0, nan, nan, 0
100, 16000, 1, 0.1, 5, 1799980, 3599.96, 2387.0, 0, nan, nan, 0
100, 16000, 2, 0.1, 5, 41386211, 41386.211, 5703.0, 0, nan, nan, 0
100, 16000, 4, 0.1, 5, 219340303, 109670.1515, 7216.5, 0, nan, nan, 0
100, 16000, 15, 0.1, 5, 19605296781, 2614039.5708, 2795141.0, 0, nan, nan, 0
100, 16000, 1, 0.1, 10, 3555675, 3555.675, 2336.0, 0, nan, nan, 0
100, 16000, 2, 0.1, 10, 31925454, 15962.727, 5269.0, 0, nan, nan, 0
100, 16000, 4, 0.1, 10, 140366353, 35091.58825, 5267.0, 0, nan, nan, 0
100, 16000, 15, 0.1, 10, 25049629617, 1669975.3078, 1812055.0, 0, nan, nan, 0
100, 32000, 1, 0.1, 1, 2219124, 22191.24, 8711.0, 0, nan, nan, 0
100, 32000, 2, 0.1, 1, 333949192, 1669745.96, 1726584.5, 0, nan, nan, 0
100, 32000, 4, 0.1, 1, 1993463389, 4983658.4725, 5317209.5, 0, nan, nan, 0
100, 32000, 15, 0.1, 1, 34504530065, 23003020.043333333, 23008968.0, 0, nan, nan, 0
100, 32000, 1, 0.1, 5, 2386652, 4773.304, 3165.0, 0, nan, nan, 0
100, 32000, 2, 0.1, 5, 81942723, 81942.723, 6193.0, 0, nan, nan, 0
100, 32000, 4, 0.1, 5, 426820708, 213410.354, 8462.5, 0, nan, nan, 0
100, 32000, 15, 0.1, 5, 30639032168, 4085204.2890666667, 4261895.0, 0, nan, nan, 0
100, 32000, 1, 0.1, 10, 3643618, 3643.618, 2183.5, 0, nan, nan, 0
100, 32000, 2, 0.1, 10, 54917474, 27458.737, 5500.5, 0, nan, nan, 0
100, 32000, 4, 0.1, 10, 233032909, 58258.22725, 5528.0, 0, nan, nan, 0
100, 32000, 15, 0.1, 10, 40012054662, 2667470.3108, 2797485.5, 0, nan, nan, 0
100, 64000, 1, 0.1, 1, 1945692, 19456.92, 9892.5, 0, nan, nan, 0
100, 64000, 2, 0.1, 1, 647550960, 3237754.8, 3152744.0, 0, nan, nan, 0
100, 64000, 15, 0.1, 1, 68123082495, 45415388.33, 45336310.0, 0, nan, nan, 0
100, 64000, 1, 0.1, 5, 3525155, 7050.31, 4358.0, 0, nan, nan, 0
100, 64000, 2, 0.1, 5, 143279496, 143279.496, 8077.5, 0, nan, nan, 0
100, 64000, 15, 0.1, 5, 54951896265, 7326919.502, 4950198.5, 0, nan, nan, 0
100, 64000, 1, 0.1, 10, 4999703, 4999.703, 3245.0, 0, nan, nan, 0
100, 64000, 2, 0.1, 10, 89482817, 44741.4085, 6054.0, 0, nan, nan, 0
100, 64000, 15, 0.1, 10, 61600012140, 4106667.476, 4348063.5, 0, nan, nan, 0
500, 500, 1, 0.1, 1, 2136213, 4272.426, 3370.5, 0, nan, nan, 0
500, 500, 2, 0.1, 1, 41348258, 41348.258, 29204.0, 0, nan, nan, 0
500, 500, 15, 0.1, 1, 6201959113, 826927.8817333333, 824786.5, 0, nan, nan, 0
500, 500, 1, 0.1, 5, 5793160, 2317.264, 1944.0, 0, nan, nan, 0
500, 500, 2, 0.1, 5, 40303291, 8060.6582, 5340.5, 0, nan, nan, 0
500, 500, 15, 0.1, 5, 16586194834, 442298.5289066667, 207552.0, 0, nan, nan, 0
500, 500, 1, 0.1, 10, 10241426, 2048.2852, 1715.0, 0, nan, nan, 0
500, 500, 2, 0.1, 10, 70330359, 7033.0359, 5075.0, 0, nan, nan, 0
500, 500, 15, 0.1, 10, 39295414100.0, 523952.82674204645, 401030.0, 0, nan, nan, 0
500, 1000, 1, 0.1, 1, 1934393, 3868.786, 3234.0, 0, nan, nan, 0
500, 1000, 2, 0.1, 1, 64865898, 64865.898, 74580.0, 0, nan, nan, 0
500, 1000, 15, 0.1, 1, 8407814934, 1121041.9912, 1055170.0, 0, nan, nan, 0
500, 1000, 1, 0.1, 5, 6212427, 2484.9708, 2103.0, 0, nan, nan, 0
500, 1000, 2, 0.1, 5, 45244957, 9048.9914, 5115.0, 0, nan, nan, 0
500, 1000, 15, 0.1, 5, 25937633929, 691670.2381066667, 352025.0, 0, nan, nan, 0
500, 1000, 1, 0.1, 10, 10204992, 2040.9984, 1742.0, 0, nan, nan, 0
500, 1000, 2, 0.1, 10, 67218121, 6721.8121, 4797.0, 0, nan, nan, 0
500, 1000, 15, 0.1, 10, 40121472746, 534952.9699466666, 198522.0, 0, nan, nan, 0
500, 2000, 1, 0.1, 1, 2079176, 4158.352, 3407.0, 0, nan, nan, 0
500, 2000, 2, 0.1, 1, 124082095, 124082.095, 177173.5, 0, nan, nan, 0
500, 2000, 15, 0.1, 1, 13499783716, 1799971.1621333333, 1797688.0, 0, nan, nan, 0
500, 2000, 1, 0.1, 5, 6426171, 2570.4684, 2178.5, 0, nan, nan, 0
500, 2000, 2, 0.1, 5, 58993867, 11798.7734, 5204.0, 0, nan, nan, 0
500, 2000, 15, 0.1, 5, 29681809125, 791514.91, 463148.0, 0, nan, nan, 0
500, 2000, 1, 0.1, 10, 10459717, 2091.9434, 1772.0, 0, nan, nan, 0
500, 2000, 2, 0.1, 10, 75961349, 7596.1349, 5522.0, 0, nan, nan, 0
500, 2000, 15, 0.1, 10, 54708605473, 729448.0729733333, 342172.5, 0, nan, nan, 0
500, 4000, 1, 0.1, 1, 2794693, 5589.386, 3774.5, 0, nan, nan, 0
500, 4000, 2, 0.1, 1, 229794361, 229794.361, 376037.0, 0, nan, nan, 0
500, 4000, 15, 0.1, 1, 24055999288, 3207466.571733333, 3180186.0, 0, nan, nan, 0
500, 4000, 1, 0.1, 5, 7315073, 2926.0292, 2416.0, 0, nan, nan, 0
500, 4000, 2, 0.1, 5, 81791881, 16358.3762, 5560.5, 0, nan, nan, 0
500, 4000, 15, 0.1, 5, 44361737558, 1182979.6682133332, 1197814.0, 0, nan, nan, 0
500, 4000, 1, 0.1, 10, 11168496, 2233.6992, 1913.0, 0, nan, nan, 0
500, 4000, 2, 0.1, 10, 88270580, 8827.058, 5164.0, 0, nan, nan, 0
500, 4000, 15, 0.1, 10, 66366143242, 884881.9098933333, 438753.5, 0, nan, nan, 0
500, 8000, 1, 0.1, 1, 3591129, 7182.258, 4031.5, 0, nan, nan, 0
500, 8000, 2, 0.1, 1, 440265049, 440265.049, 654181.5, 0, nan, nan, 0
500, 8000, 15, 0.1, 1, 44283909011, 5904521.201466667, 5862507.5, 0, nan, nan, 0
500, 8000, 1, 0.1, 5, 7425640, 2970.256, 2226.0, 0, nan, nan, 0
500, 8000, 2, 0.1, 5, 115996455, 23199.291, 5680.0, 0, nan, nan, 0
500, 8000, 15, 0.1, 5, 61047360612, 1627929.61632, 1812916.0, 0, nan, nan, 0
500, 8000, 1, 0.1, 10, 14087430, 2817.486, 2294.0, 0, nan, nan, 0
500, 8000, 2, 0.1, 10, 104055065, 10405.5065, 5323.0, 0, nan, nan, 0
500, 8000, 15, 0.1, 10, 97258240332, 1296776.53776, 1438389.5, 0, nan, nan, 0
500, 16000, 1, 0.1, 1, 3726454, 7452.908, 5523.5, 0, nan, nan, 0
500, 16000, 2, 0.1, 1, 851115175, 851115.175, 1168547.5, 0, nan, nan, 0
500, 16000, 15, 0.1, 1, 87988287771, 11731771.7028, 11735263.0, 0, nan, nan, 0
500, 16000, 1, 0.1, 5, 8608955, 3443.582, 2550.0, 0, nan, nan, 0
500, 16000, 2, 0.1, 5, 203871810, 40774.362, 5815.0, 0, nan, nan, 0
500, 16000, 15, 0.1, 5, 98666003339, 2631093.4223733335, 2792709.0, 0, nan, nan, 0
500, 16000, 1, 0.1, 10, 14589591, 2917.9182, 2398.0, 0, nan, nan, 0
500, 16000, 2, 0.1, 10, 146987646, 14698.7646, 5295.0, 0, nan, nan, 0
500, 16000, 15, 0.1, 10, 125122695057, 1668302.60076, 1826606.5, 0, nan, nan, 0
500, 32000, 1, 0.1, 1, 4134043, 8268.086, 6373.0, 0, nan, nan, 0
500, 32000, 2, 0.1, 1, 1662724723, 1662724.723, 1705802.0, 0, nan, nan, 0
500, 32000, 15, 0.1, 1, 172598909392, 23013187.918933332, 22989895.0, 0, nan, nan, 0
500, 32000, 1, 0.1, 5, 12093658, 4837.4632, 2885.5, 0, nan, nan, 0
500, 32000, 2, 0.1, 5, 378735691, 75747.1382, 6013.0, 0, nan, nan, 0
500, 32000, 15, 0.1, 5, 155010426862, 4133611.3829866666, 4301287.0, 0, nan, nan, 0
500, 32000, 1, 0.1, 10, 16236279, 3247.2558, 2537.5, 0, nan, nan, 0
500, 32000, 2, 0.1, 10, 256556870, 25655.687, 5748.0, 0, nan, nan, 0
500, 32000, 15, 0.1, 10, 200624616647, 2674994.8886266667, 2786440.5, 0, nan, nan, 0
500, 64000, 1, 0.1, 1, 6032486, 12064.972, 9541.5, 0, nan, nan, 0
500, 64000, 2, 0.1, 1, 3240932071, 3240932.071, 3493473.5, 0, nan, nan, 0
500, 64000, 15, 0.1, 1, 340463902655, 45395187.02066667, 45280324.0, 0, nan, nan, 0
500, 64000, 1, 0.1, 5, 12111512, 4844.6048, 3707.0, 0, nan, nan, 0
500, 64000, 2, 0.1, 5, 710396099, 142079.2198, 7723.0, 0, nan, nan, 0
500, 64000, 15, 0.1, 5, 274323190704, 7315285.08544, 4940326.0, 0, nan, nan, 0
500, 64000, 1, 0.1, 10, 18273186, 3654.6372, 2632.0, 0, nan, nan, 0
500, 64000, 2, 0.1, 10, 402677498, 40267.7498, 5350.5, 0, nan, nan, 0
500, 64000, 4, 0.1, 10, 2202161906, 110108.0953, 5513.0, 0, nan, nan, 0
500, 64000, 15, 0.1, 10, 305885806586, 4078477.4211466666, 4324672.5, 0, nan, nan, 0
1000, 500, 1, 0.1, 1, 3577646, 3577.646, 3145.0, 0, nan, nan, 0
1000, 500, 2, 0.1, 1, 76598284, 38299.142, 25326.0, 0, nan, nan, 0
1000, 500, 4, 0.1, 1, 425586775, 106396.69375, 75737.5, 0, nan, nan, 0
1000, 500, 15, 0.1, 1, 12047257404, 803150.4936, 807197.5, 0, nan, nan, 0
1000, 500, 1, 0.1, 5, 11769966, 2353.9932, 1996.5, 0, nan, nan, 0
1000, 500, 2, 0.1, 5, 87900157, 8790.0157, 5165.0, 0, nan, nan, 0
1000, 500, 4, 0.1, 5, 480577500, 24028.875, 7852.0, 0, nan, nan, 0
1000, 500, 15, 0.1, 5, 29831357939, 397751.4391866667, 246593.0, 0, nan, nan, 0
1000, 500, 1, 0.1, 10, 21157159, 2115.7159, 1860.0, 0, nan, nan, 0
1000, 500, 2, 0.1, 10, 111331510, 5566.5755, 3850.0, 0, nan, nan, 0
1000, 500, 4, 0.1, 10, 1630365065, 40759.126625, 38593.5, 0, nan, nan, 0
1000, 500, 15, 0.1, 10, 59113571117.0, 394095.72872304963, 254497.0, 0, nan, nan, 0
1000, 1000, 1, 0.1, 1, 3724722, 3724.722, 3308.5, 0, nan, nan, 0
1000, 1000, 2, 0.1, 1, 130807758, 65403.879, 68728.0, 0, nan, nan, 0
1000, 1000, 4, 0.1, 1, 736332646, 184083.1615, 158498.5, 0, nan, nan, 0
1000, 1000, 8, 0.1, 1, 4064910916, 508113.8645, 489358.0, 0, nan, nan, 0
1000, 1000, 15, 0.1, 1, 16312945034, 1087529.6689333334, 1026298.5, 0, nan, nan, 0
1000, 1000, 1, 0.1, 5, 12707090, 2541.418, 2167.0, 0, nan, nan, 0
1000, 1000, 2, 0.1, 5, 88559745, 8855.9745, 5276.0, 0, nan, nan, 0
1000, 1000, 4, 0.1, 5, 377241778, 18862.0889, 5904.0, 0, nan, nan, 0
1000, 1000, 8, 0.1, 5, 9002437301, 225060.932525, 209077.5, 0, nan, nan, 0
1000, 1000, 15, 0.1, 5, 52587152300, 701162.0306666667, 367222.0, 0, nan, nan, 0
1000, 1000, 1, 0.1, 10, 23273245, 2327.3245, 1919.0, 0, nan, nan, 0
1000, 1000, 2, 0.1, 10, 134346927, 6717.34635, 5016.0, 0, nan, nan, 0
1000, 1000, 4, 0.1, 10, 654933624, 16373.3406, 5468.0, 0, nan, nan, 0
1000, 1000, 8, 0.1, 10, 17124282006, 214053.525075, 202148.5, 0, nan, nan, 0
1000, 1000, 15, 0.1, 10, 80814951847.0, 538773.5292937239, 173480.0, 0, nan, nan, 0
1000, 2000, 1, 0.1, 1, 4786889, 4786.889, 3901.5, 0, nan, nan, 0
1000, 2000, 2, 0.1, 1, 236654457, 118327.2285, 160731.5, 0, nan, nan, 0
1000, 2000, 4, 0.1, 1, 1397484544, 349371.136, 307864.5, 0, nan, nan, 0
1000, 2000, 8, 0.1, 1, 7463441523, 932930.190375, 910863.0, 0, nan, nan, 0
1000, 2000, 15, 0.1, 1, 26693154629, 1779543.6419333334, 1777587.0, 0, nan, nan, 0
1000, 2000, 1, 0.1, 5, 13989949, 2797.9898, 2311.0, 0, nan, nan, 0
1000, 2000, 2, 0.1, 5, 122848320, 12284.832, 5508.0, 0, nan, nan, 0
1000, 2000, 4, 0.1, 5, 490800383, 24540.01915, 6232.0, 0, nan, nan, 0
1000, 2000, 8, 0.1, 5, 7720861829, 193021.545725, 167441.5, 0, nan, nan, 0
1000, 2000, 15, 0.1, 5, 60587476261, 807833.0168133334, 440458.5, 0, nan, nan, 0
1000, 2000, 1, 0.1, 10, 22370479, 2237.0479, 1999.0, 0, nan, nan, 0
1000, 2000, 2, 0.1, 10, 149350153, 7467.50765, 5162.0, 0, nan, nan, 0
1000, 2000, 4, 0.1, 10, 480365912, 12009.1478, 5255.0, 0, nan, nan, 0
1000, 2000, 8, 0.1, 10, 18187487568, 227343.5946, 214829.5, 0, nan, nan, 0
1000, 2000, 15, 0.1, 10, 96855058573, 645700.3904866667, 304726.5, 0, nan, nan, 0
1000, 4000, 1, 0.1, 1, 5785177, 5785.177, 3534.5, 0, nan, nan, 0
1000, 4000, 2, 0.1, 1, 456001830, 228000.915, 177803.0, 0, nan, nan, 0
1000, 4000, 4, 0.1, 1, 2805524964, 701381.241, 746298.5, 0, nan, nan, 0
1000, 4000, 8, 0.1, 1, 12618468718, 1577308.58975, 1563609.0, 0, nan, nan, 0
1000, 4000, 15, 0.1, 1, 48144118374, 3209607.8916, 3186448.0, 0, nan, nan, 0
1000, 4000, 1, 0.1, 5, 13583712, 2716.7424, 2207.0, 0, nan, nan, 0
1000, 4000, 2, 0.1, 5, 152802995, 15280.2995, 5455.0, 0, nan, nan, 0
1000, 4000, 4, 0.1, 5, 761866027, 38093.30135, 6372.0, 0, nan, nan, 0
1000, 4000, 8, 0.1, 5, 4587452391, 114686.309775, 60867.0, 0, nan, nan, 0
1000, 4000, 15, 0.1, 5, 88670954624, 1182279.3949866667, 1207149.0, 0, nan, nan, 0
1000, 4000, 1, 0.1, 10, 25512717, 2551.2717, 2241.0, 0, nan, nan, 0
1000, 4000, 2, 0.1, 10, 170459741, 8522.98705, 5163.0, 0, nan, nan, 0
1000, 4000, 4, 0.1, 10, 622842668, 15571.0667, 5615.0, 0, nan, nan, 0
1000, 4000, 8, 0.1, 10, 13640379914, 170504.748925, 152454.0, 0, nan, nan, 0
1000, 4000, 15, 0.1, 10, 130606978853, 870713.1923533333, 504529.5, 0, nan, nan, 0
1000, 8000, 1, 0.1, 1, 6192800, 6192.8, 4128.5, 0, nan, nan, 0
1000, 8000, 2, 0.1, 1, 872593303, 436296.6515, 701325.5, 0, nan, nan, 0
1000, 8000, 4, 0.1, 1, 5319629113, 1329907.27825, 1548317.0, 0, nan, nan, 0
1000, 8000, 8, 0.1, 1, 23992368778, 2999046.09725, 3162199.0, 0, nan, nan, 0
1000, 8000, 15, 0.1, 1, 88786501651, 5919100.110066666, 5879355.0, 0, nan, nan, 0
1000, 8000, 1, 0.1, 5, 19261123, 3852.2246, 2902.0, 0, nan, nan, 0
1000, 8000, 2, 0.1, 5, 235085578, 23508.5578, 5769.0, 0, nan, nan, 0
1000, 8000, 4, 0.1, 5, 1238319491, 61915.97455, 6802.0, 0, nan, nan, 0
1000, 8000, 8, 0.1, 5, 6567691156, 164192.2789, 10332.0, 0, nan, nan, 0
1000, 8000, 15, 0.1, 5, 121196638205, 1615955.1760666666, 1809735.5, 0, nan, nan, 0
1000, 8000, 1, 0.1, 10, 28760345, 2876.0345, 2310.0, 0, nan, nan, 0
1000, 8000, 2, 0.1, 10, 204316659, 10215.83295, 5133.0, 0, nan, nan, 0
1000, 8000, 4, 0.1, 10, 900929672, 22523.2418, 5657.0, 0, nan, nan, 0
1000, 8000, 8, 0.1, 10, 5282404571, 66030.0571375, 12895.5, 0, nan, nan, 0
1000, 8000, 15, 0.1, 10, 191324031972, 1275493.54648, 1378693.5, 0, nan, nan, 0
1000, 16000, 1, 0.1, 1, 7416726, 7416.726, 4767.5, 0, nan, nan, 0
1000, 16000, 2, 0.1, 1, 1699185731, 849592.8655, 1208753.0, 0, nan, nan, 0
1000, 16000, 4, 0.1, 1, 10052995962, 2513248.9905, 2022343.5, 0, nan, nan, 0
1000, 16000, 8, 0.1, 1, 46771665036, 5846458.1295, 5445238.0, 0, nan, nan, 0
1000, 16000, 15, 0.1, 1, 176050819674, 11736721.3116, 11739228.5, 0, nan, nan, 0
1000, 16000, 1, 0.1, 5, 17452321, 3490.4642, 2724.0, 0, nan, nan, 0
1000, 16000, 2, 0.1, 5, 413823525, 41382.3525, 5848.5, 0, nan, nan, 0
1000, 16000, 4, 0.1, 5, 2250085986, 112504.2993, 6645.0, 0, nan, nan, 0
1000, 16000, 8, 0.1, 5, 10066170204, 251654.2551, 8868.5, 0, nan, nan, 0
