n, t, workers, frac, accesses, time
500, 500, 1, 0, 1, 0.35252983000827953
500, 500, 4, 0, 1, 0.08493615873157978
500, 500, 8, 0, 1, 0.0622959490865469
500, 500, 15, 0, 1, 0.07604475785046816
500, 500, 1, 0, 5, 0.3513875547796488
500, 500, 2, 0, 5, 0.19531279150396585
500, 500, 4, 0, 5, 0.10721142962574959
500, 500, 8, 0, 5, 0.09029434807598591
500, 500, 15, 0, 5, 0.13418226689100266
500, 500, 1, 0, 10, 0.37042343616485596
500, 500, 2, 0, 10, 0.20668007154017687
500, 500, 4, 0, 10, 0.12960182409733534
500, 500, 8, 0, 10, 0.14210548996925354
500, 500, 15, 0, 10, 0.15177834127098322
500, 1000, 1, 0, 1, 0.5983788166195154
500, 1000, 2, 0, 1, 0.28293358720839024
500, 1000, 4, 0, 1, 0.1474129818379879
500, 1000, 8, 0, 1, 0.07950292155146599
500, 1000, 15, 0, 1, 0.07792078703641891
500, 1000, 1, 0, 5, 0.6124261757358909
500, 1000, 2, 0, 5, 0.29670861177146435
500, 1000, 4, 0, 5, 0.1570922313258052
500, 1000, 8, 0, 5, 0.10140913352370262
500, 1000, 15, 0, 5, 0.1492535388097167
500, 1000, 1, 0, 10, 0.6245883023366332
500, 1000, 2, 0, 10, 0.31099556758999825
500, 1000, 4, 0, 10, 0.1738865403458476
500, 1000, 8, 0, 10, 0.13669559732079506
500, 1000, 15, 0, 10, 0.20633635763078928
500, 2000, 1, 0, 1, 1.0745307160541415
500, 2000, 2, 0, 1, 0.5361577337607741
500, 2000, 4, 0, 1, 0.27367435675114393
500, 2000, 8, 0, 1, 0.14099703449755907
500, 2000, 15, 0, 1, 0.08397354744374752
500, 2000, 1, 0, 5, 1.1108717499300838
500, 2000, 2, 0, 5, 0.5469694985076785
500, 2000, 4, 0, 5, 0.2780784936621785
500, 2000, 8, 0, 5, 0.14896014612168074
500, 2000, 15, 0, 5, 0.13419959228485823
500, 2000, 1, 0, 10, 1.1220668815076351
500, 2000, 2, 0, 10, 0.5584346856921911
500, 2000, 4, 0, 10, 0.29133399203419685
500, 2000, 8, 0, 10, 0.17163822706788778
500, 2000, 15, 0, 10, 0.21391980350017548
500, 4000, 1, 0, 1, 2.1029428793117404
500, 4000, 2, 0, 1, 1.0378670934587717
500, 4000, 4, 0, 1, 0.5223965579643846
500, 4000, 8, 0, 1, 0.26804691553115845
500, 4000, 15, 0, 1, 0.14983517490327358
500, 4000, 1, 0, 5, 2.11771874781698
500, 4000, 2, 0, 5, 1.0499071329832077
500, 4000, 4, 0, 5, 0.531226028688252
500, 4000, 8, 0, 5, 0.2732756147161126
500, 4000, 15, 0, 5, 0.15998508129268885
500, 4000, 1, 0, 10, 2.1272996850311756
500, 4000, 2, 0, 10, 1.0671668387949467
500, 4000, 4, 0, 10, 0.5390120670199394
500, 4000, 8, 0, 10, 0.2797787990421057
500, 4000, 15, 0, 10, 0.17942255176603794
500, 8000, 1, 0, 1, 4.105946579948068
500, 8000, 2, 0, 1, 2.047486772760749
500, 8000, 4, 0, 1, 1.0244175009429455
500, 8000, 8, 0, 1, 0.5226248959079385
500, 8000, 15, 0, 1, 0.28663575649261475
500, 8000, 1, 0, 5, 4.117017895914614
500, 8000, 2, 0, 5, 2.0608178321272135
500, 8000, 4, 0, 5, 1.0318431071937084
500, 8000, 8, 0, 5, 0.5254061557352543
500, 8000, 15, 0, 5, 0.2881150050088763
500, 8000, 1, 0, 10, 4.128409325145185
500, 8000, 2, 0, 10, 2.0709423068910837
500, 8000, 4, 0, 10, 1.0444774655625224
500, 8000, 8, 0, 10, 0.5305455075576901
500, 8000, 15, 0, 10, 0.29680982045829296
500, 16000, 1, 0, 1, 8.106580798514187
500, 16000, 2, 0, 1, 4.050852481275797
500, 16000, 4, 0, 1, 2.0297776432707906
500, 16000, 8, 0, 1, 1.0255490532144904
500, 16000, 15, 0, 1, 0.5578183075413108
500, 16000, 1, 0, 5, 8.114877421408892
500, 16000, 2, 0, 5, 4.061541627161205
500, 16000, 4, 0, 5, 2.035521044395864
500, 16000, 8, 0, 5, 1.0297241127118468
500, 16000, 15, 0, 5, 0.5610372228547931
500, 16000, 1, 0, 10, 8.128978837281466
500, 16000, 2, 0, 10, 4.074294062331319
500, 16000, 4, 0, 10, 2.047568648122251
500, 16000, 8, 0, 10, 1.0340816481038928
500, 16000, 15, 0, 10, 0.5656635044142604
500, 32000, 1, 0, 1, 16.10685297381133
500, 32000, 2, 0, 1, 8.040625574067235
500, 32000, 4, 0, 1, 4.03456543572247
500, 32000, 8, 0, 1, 2.0416718618944287
500, 32000, 15, 0, 1, 1.1030880501493812
500, 32000, 1, 0, 5, 16.116433009505272
500, 32000, 2, 0, 5, 8.061653338372707
500, 32000, 4, 0, 5, 4.0391727620735765
500, 32000, 8, 0, 5, 2.0411346266046166
500, 32000, 15, 0, 5, 1.1044710334390402
500, 32000, 1, 0, 10, 16.129577259533107
500, 32000, 2, 0, 10, 8.077605625614524
500, 32000, 4, 0, 10, 4.047411387786269
500, 32000, 8, 0, 10, 2.0480065448209643
500, 32000, 15, 0, 10, 1.1091069877147675
500, 64000, 1, 0, 1, 32.11127084121108
500, 64000, 2, 0, 1, 16.06758493743837
500, 64000, 4, 0, 1, 8.037249245680869
500, 64000, 8, 0, 1, 4.057690183632076
500, 64000, 15, 0, 1, 2.1953722489997745
500, 64000, 1, 0, 5, 32.12219122890383
500, 64000, 2, 0, 5, 16.076384871266782
500, 64000, 4, 0, 5, 8.03971894364804
500, 64000, 8, 0, 5, 4.05642509367317
500, 64000, 15, 0, 5, 2.1937450328841805
500, 64000, 1, 0, 10, 32.12408919259906
500, 64000, 2, 0, 10, 16.093253707513213
500, 64000, 4, 0, 10, 8.052861248143017
500, 64000, 8, 0, 10, 4.061530842445791
500, 64000, 15, 0, 10, 2.2002671007066965
1000, 500, 1, 0, 1, 0.6833214638754725
1000, 500, 2, 0, 1, 0.3139115581288934
1000, 500, 4, 0, 1, 0.1712378030642867
1000, 500, 8, 0, 1, 0.11215267516672611
1000, 500, 15, 0, 1, 0.1468637464568019
1000, 500, 1, 0, 5, 0.7062807399779558
1000, 500, 2, 0, 5, 0.337796906940639
1000, 500, 4, 0, 5, 0.20327438320964575
1000, 500, 8, 0, 5, 0.17546186409890652
1000, 500, 15, 0, 5, 0.25902792904525995
1000, 500, 1, 0, 10, 0.7388461614027619
1000, 500, 2, 0, 10, 0.3988607684150338
1000, 500, 4, 0, 10, 0.24123923294246197
1000, 500, 8, 0, 10, 0.2739298203960061
1000, 500, 15, 0, 10, 0.3137557515874505
1000, 1000, 1, 0, 1, 1.1992178168147802
1000, 1000, 2, 0, 1, 0.5621398007497191
1000, 1000, 4, 0, 1, 0.29396566189825535
1000, 1000, 8, 0, 1, 0.1545838275924325
1000, 1000, 15, 0, 1, 0.15178349614143372
1000, 1000, 1, 0, 5, 1.2245742427185178
1000, 1000, 2, 0, 5, 0.5880435910075903
1000, 1000, 4, 0, 5, 0.30944060906767845
1000, 1000, 8, 0, 5, 0.20254795905202627
1000, 1000, 15, 0, 5, 0.2748078275471926
1000, 1000, 1, 0, 10, 1.2442376827821136
1000, 1000, 2, 0, 10, 0.6235992591828108
1000, 1000, 4, 0, 10, 0.3432660959661007
1000, 1000, 8, 0, 10, 0.2751282760873437
1000, 1000, 15, 0, 10, 0.39954699017107487
1000, 2000, 1, 0, 1, 2.19410992693156
1000, 2000, 2, 0, 1, 1.0661950940266252
1000, 2000, 4, 0, 1, 0.5441000396385789
1000, 2000, 8, 0, 1, 0.28020470310002565
1000, 2000, 15, 0, 1, 0.16933349799364805
1000, 2000, 1, 0, 5, 2.21653691586107
1000, 2000, 2, 0, 5, 1.0946764219552279
1000, 2000, 4, 0, 5, 0.5574152385815978
1000, 2000, 8, 0, 5, 0.2977231042459607
1000, 2000, 15, 0, 5, 0.25389581359922886
1000, 2000, 1, 0, 10, 2.1747856847941875
1000, 2000, 2, 0, 10, 1.1296886606141925
1000, 2000, 4, 0, 10, 0.5766718713566661
1000, 2000, 8, 0, 10, 0.3255098043009639
1000, 2000, 15, 0, 10, 0.41402352415025234
1000, 4000, 1, 0, 1, 4.138757065869868
1000, 4000, 2, 0, 1, 2.084643056616187
1000, 4000, 4, 0, 1, 1.0542690930888057
1000, 4000, 8, 0, 1, 0.5306438142433763
1000, 4000, 15, 0, 1, 0.29534535948187113
1000, 4000, 1, 0, 5, 4.163539716973901
1000, 4000, 2, 0, 5, 2.1031910330057144
1000, 4000, 4, 0, 5, 1.0658840201795101
1000, 4000, 8, 0, 5, 0.539822175167501
1000, 4000, 15, 0, 5, 0.31523271556943655
1000, 4000, 1, 0, 10, 4.250318329781294
1000, 4000, 2, 0, 10, 2.13757018186152
1000, 4000, 4, 0, 10, 1.0733258621767163
1000, 4000, 8, 0, 10, 0.5532308574765921
1000, 4000, 15, 0, 10, 0.359225332736969
1000, 8000, 1, 0, 1, 8.199782676063478
1000, 8000, 2, 0, 1, 4.080268475227058
1000, 8000, 4, 0, 1, 2.0508057102560997
1000, 8000, 8, 0, 1, 1.0329801756888628
1000, 8000, 15, 0, 1, 0.561247599311173
1000, 8000, 1, 0, 5, 8.213925520889461
1000, 8000, 2, 0, 5, 4.113076653331518
1000, 8000, 4, 0, 5, 2.0657227197661996
1000, 8000, 8, 0, 5, 1.0412412621080875
1000, 8000, 15, 0, 5, 0.5702759185805917
1000, 8000, 1, 0, 10, 8.209442131221294
1000, 8000, 2, 0, 10, 4.140085257589817
1000, 8000, 4, 0, 10, 2.085044846870005
1000, 8000, 8, 0, 10, 1.0495448932051659
1000, 8000, 15, 0, 10, 0.5804532412439585
1000, 16000, 1, 0, 1, 16.193471241742373
1000, 16000, 2, 0, 1, 8.071672012098134
1000, 16000, 4, 0, 1, 4.05519943125546
1000, 16000, 8, 0, 1, 2.0405196910724044
1000, 16000, 15, 0, 1, 1.0981316454708576
1000, 16000, 1, 0, 5, 16.20499180536717
1000, 16000, 2, 0, 5, 8.110852296464145
1000, 16000, 4, 0, 5, 4.0726627092808485
1000, 16000, 8, 0, 5, 2.041603049263358
1000, 16000, 15, 0, 5, 1.1060664150863886
1000, 16000, 1, 0, 10, 16.214699416421354
1000, 16000, 2, 0, 10, 8.135390429757535
1000, 16000, 4, 0, 10, 4.0869133193045855
1000, 16000, 8, 0, 10, 2.054573757573962
1000, 16000, 15, 0, 10, 1.1136000137776136
1000, 32000, 1, 0, 1, 32.16381592396647
1000, 32000, 2, 0, 1, 16.097607674077153
1000, 32000, 4, 0, 1, 8.054946002550423
1000, 32000, 8, 0, 1, 4.038845303468406
1000, 32000, 15, 0, 1, 2.1809652764350176
1000, 32000, 1, 0, 5, 32.22550639230758
1000, 32000, 2, 0, 5, 16.11955049354583
1000, 32000, 4, 0, 5, 8.07298827636987
1000, 32000, 8, 0, 5, 4.047196017578244
1000, 32000, 15, 0, 5, 2.1798650631681085
1000, 32000, 1, 0, 10, 32.25070059020072
1000, 32000, 2, 0, 10, 16.149276512674987
1000, 32000, 4, 0, 10, 8.091150721535087
1000, 32000, 8, 0, 10, 4.054262070916593
1000, 32000, 15, 0, 10, 2.1902582962065935
1000, 64000, 1, 0, 1, 64.13730889838189
1000, 64000, 2, 0, 1, 32.10845351126045
1000, 64000, 4, 0, 1, 16.056739820167422
1000, 64000, 8, 0, 1, 8.035922043956816
1000, 64000, 15, 0, 1, 4.325867343693972
1000, 64000, 1, 0, 5, 64.22628639265895
1000, 64000, 2, 0, 5, 32.1266864836216
1000, 64000, 4, 0, 5, 16.07504176814109
1000, 64000, 8, 0, 5, 8.045038900338113
1000, 64000, 15, 0, 5, 4.3327178042382
1000, 64000, 1, 0, 10, 64.23913124017417
1000, 64000, 2, 0, 10, 32.14971255045384
1000, 64000, 4, 0, 10, 16.09452228527516
1000, 64000, 8, 0, 10, 8.054794107563794
1000, 64000, 15, 0, 10, 4.33322411775589
500, 500, 1, 0.0125, 1, 0.3426030883565545
500, 500, 2, 0.0125, 1, 0.15861202031373978
500, 500, 4, 0.0125, 1, 0.0848128767684102
500, 500, 8, 0.0125, 1, 0.05709283612668514
500, 500, 15, 0.0125, 1, 0.08394755609333515
500, 500, 1, 0.0125, 5, 0.3477282412350178
500, 500, 2, 0.0125, 5, 0.1970243202522397
500, 500, 4, 0.0125, 5, 0.10489483084529638
500, 500, 8, 0.0125, 5, 0.09309024829417467
500, 500, 15, 0.0125, 5, 0.1355164796113968
500, 500, 1, 0.0125, 10, 0.3653827803209424
500, 500, 2, 0.0125, 10, 0.20613171439617872
500, 500, 4, 0.0125, 10, 0.12811655644327402
500, 500, 8, 0.0125, 10, 0.13530681654810905
500, 500, 15, 0.0125, 10, 0.16093257442116737
500, 1000, 1, 0.0125, 1, 0.5966888125985861
500, 1000, 2, 0.0125, 1, 0.2830604063346982
500, 1000, 4, 0.0125, 1, 0.15070414915680885
500, 1000, 8, 0.0125, 1, 0.08291072491556406
500, 1000, 15, 0.0125, 1, 0.08427451271563768
500, 1000, 1, 0.0125, 5, 0.6053050775080919
500, 1000, 2, 0.0125, 5, 0.29909145273268223
500, 1000, 4, 0.0125, 5, 0.1586350854486227
500, 1000, 8, 0.0125, 5, 0.10425558686256409
500, 1000, 15, 0.0125, 5, 0.15124889090657234
500, 1000, 1, 0.0125, 10, 0.6146653546020389
500, 1000, 2, 0.0125, 10, 0.30471423640847206
500, 1000, 4, 0.0125, 10, 0.17220257315784693
500, 1000, 8, 0.0125, 10, 0.1396705936640501
500, 1000, 15, 0.0125, 10, 0.22819459531456232
500, 2000, 1, 0.0125, 1, 1.0932411383837461
500, 2000, 2, 0.0125, 1, 0.5432864706963301
500, 2000, 4, 0.0125, 1, 0.28133032377809286
500, 2000, 8, 0.0125, 1, 0.1447106171399355
500, 2000, 15, 0.0125, 1, 0.08790604118257761
500, 2000, 1, 0.0125, 5, 1.102565098553896
500, 2000, 2, 0.0125, 5, 0.5503913471475244
500, 2000, 4, 0.0125, 5, 0.2825255524367094
500, 2000, 8, 0.0125, 5, 0.15167859382927418
500, 2000, 15, 0.0125, 5, 0.15745477378368378
500, 2000, 1, 0.0125, 10, 1.1116956621408463
500, 2000, 2, 0.0125, 10, 0.558779876679182
500, 2000, 4, 0.0125, 10, 0.290493493899703
500, 2000, 8, 0.0125, 10, 0.16505073010921478
500, 2000, 15, 0.0125, 10, 0.21568245626986027
500, 4000, 1, 0.0125, 1, 2.112175814807415
500, 4000, 2, 0.0125, 1, 1.0613633077591658
500, 4000, 4, 0.0125, 1, 0.5449757417663932
500, 4000, 8, 0.0125, 1, 0.27507713716477156
500, 4000, 15, 0.0125, 1, 0.15195192955434322
500, 4000, 1, 0.0125, 5, 2.1122575933113694
500, 4000, 2, 0.0125, 5, 1.0524350441992283
500, 4000, 4, 0.0125, 5, 0.533443596214056
500, 4000, 8, 0.0125, 5, 0.27495960984379053
500, 4000, 15, 0.0125, 5, 0.1632493892684579
500, 4000, 1, 0.0125, 10, 2.092884724959731
500, 4000, 2, 0.0125, 10, 1.06351612880826
500, 4000, 4, 0.0125, 10, 0.5374394590035081
500, 4000, 8, 0.0125, 10, 0.2818171363323927
500, 4000, 15, 0.0125, 10, 0.22735375631600618
500, 8000, 1, 0.0125, 1, 4.101889136247337
500, 8000, 2, 0.0125, 1, 2.0836774688214064
500, 8000, 4, 0.0125, 1, 1.057636291719973
500, 8000, 8, 0.0125, 1, 0.5414639851078391
500, 8000, 15, 0.0125, 1, 0.29329849779605865
500, 8000, 1, 0.0125, 5, 4.114887572824955
500, 8000, 2, 0.0125, 5, 2.0602035773918033
500, 8000, 4, 0.0125, 5, 1.0322642913088202
500, 8000, 8, 0.0125, 5, 0.5261213397607207
500, 8000, 15, 0.0125, 5, 0.2940567806363106
500, 8000, 1, 0.0125, 10, 4.129260519519448
500, 8000, 2, 0.0125, 10, 2.0732593666762114
500, 8000, 4, 0.0125, 10, 1.0456494241952896
500, 8000, 8, 0.0125, 10, 0.5326187675818801
500, 8000, 15, 0.0125, 10, 0.30477949511259794
500, 16000, 1, 0.0125, 1, 8.100553604774177
500, 16000, 2, 0.0125, 1, 4.117212383076549
500, 16000, 4, 0.0125, 1, 2.1036412669345737
500, 16000, 8, 0.0125, 1, 1.0586267476901412
500, 16000, 15, 0.0125, 1, 0.5754036912694573
500, 16000, 1, 0.0125, 5, 8.115015491843224
500, 16000, 2, 0.0125, 5, 4.081045852974057
500, 16000, 4, 0.0125, 5, 2.0443077543750405
500, 16000, 8, 0.0125, 5, 1.033522730693221
500, 16000, 15, 0.0125, 5, 0.5634971326217055
500, 16000, 1, 0.0125, 10, 8.127628550864756
500, 16000, 2, 0.0125, 10, 4.074116640724242
500, 16000, 4, 0.0125, 10, 2.050786366686225
500, 16000, 8, 0.0125, 10, 1.0370171861723065
500, 16000, 15, 0.0125, 10, 0.5674205794930458
500, 32000, 1, 0.0125, 1, 16.102079168893397
500, 32000, 2, 0.0125, 1, 8.153923152014613
500, 32000, 4, 0.0125, 1, 4.092363059520721
500, 32000, 8, 0.0125, 1, 2.0493583539500833
500, 32000, 15, 0.0125, 1, 1.1258580833673477
500, 32000, 1, 0.0125, 5, 16.11515277903527
500, 32000, 2, 0.0125, 5, 8.095256556756794
500, 32000, 4, 0.0125, 5, 4.054388489574194
500, 32000, 8, 0.0125, 5, 2.0513330847024918
500, 32000, 15, 0.0125, 5, 1.1082329927012324
500, 32000, 1, 0.0125, 10, 16.129036203958094
500, 32000, 2, 0.0125, 10, 8.080087346024811
500, 32000, 4, 0.0125, 10, 4.05743124615401
500, 32000, 8, 0.0125, 10, 2.0464637391269207
500, 32000, 15, 0.0125, 10, 1.1126071894541383
500, 64000, 1, 0.0125, 1, 32.101906593889
500, 64000, 2, 0.0125, 1, 16.131727194413543
500, 64000, 4, 0.0125, 1, 8.136804363690317
500, 64000, 8, 0.0125, 1, 4.075665711425245
500, 64000, 15, 0.0125, 1, 2.2628474198281765
500, 64000, 1, 0.0125, 5, 32.1235136827454
500, 64000, 2, 0.0125, 5, 16.115481674671173
500, 64000, 4, 0.0125, 5, 8.071576875634491
500, 64000, 8, 0.0125, 5, 4.073792487382889
500, 64000, 15, 0.0125, 5, 2.2031149473041296
500, 64000, 1, 0.0125, 10, 32.13519429694861
500, 64000, 2, 0.0125, 10, 16.11485714931041
500, 64000, 4, 0.0125, 10, 8.059498473070562
500, 64000, 8, 0.0125, 10, 4.072054852731526
500, 64000, 15, 0.0125, 10, 2.1999487169086933
1000, 500, 1, 0.0125, 1, 0.6537313349545002
1000, 500, 2, 0.0125, 1, 0.3248273581266403
1000, 500, 4, 0.0125, 1, 0.16657740529626608
1000, 500, 8, 0.0125, 1, 0.11459851451218128
1000, 500, 15, 0.0125, 1, 0.16055679228156805
1000, 500, 1, 0.0125, 5, 0.6933318562805653
1000, 500, 2, 0.0125, 5, 0.33566285483539104
1000, 500, 4, 0.0125, 5, 0.20528716873377562
1000, 500, 8, 0.0125, 5, 0.1843531196936965
1000, 500, 15, 0.0125, 5, 0.2911884067580104
1000, 500, 1, 0.0125, 10, 0.6802970664575696
1000, 500, 2, 0.0125, 10, 0.3979570856317878
1000, 500, 4, 0.0125, 10, 0.2538960985839367
1000, 500, 8, 0.0125, 10, 0.272631511092186
1000, 500, 15, 0.0125, 10, 0.255745654925704
1000, 1000, 1, 0.0125, 1, 1.1406855192035437
1000, 1000, 2, 0.0125, 1, 0.5673552313819528
1000, 1000, 4, 0.0125, 1, 0.2941423589363694
1000, 1000, 8, 0.0125, 1, 0.1614306578412652
1000, 1000, 15, 0.0125, 1, 0.16346088983118534
1000, 1000, 1, 0.0125, 5, 1.213864260353148
1000, 1000, 2, 0.0125, 5, 0.5950784590095282
1000, 1000, 4, 0.0125, 5, 0.30940259620547295
1000, 1000, 8, 0.0125, 5, 0.20013290829956532
1000, 1000, 15, 0.0125, 5, 0.28530624136328697
1000, 1000, 1, 0.0125, 10, 1.223065823316574
1000, 1000, 2, 0.0125, 10, 0.6111967796459794
1000, 1000, 4, 0.0125, 10, 0.3441075459122658
1000, 1000, 8, 0.0125, 10, 0.2530923681333661
1000, 1000, 15, 0.0125, 10, 0.442953048273921
1000, 2000, 1, 0.0125, 1, 2.192703051492572
1000, 2000, 2, 0.0125, 1, 1.0714583937078714
1000, 2000, 4, 0.0125, 1, 0.565036159940064
1000, 2000, 8, 0.0125, 1, 0.2885287208482623
1000, 2000, 15, 0.0125, 1, 0.1673759799450636
1000, 2000, 1, 0.0125, 5, 2.211247797124088
1000, 2000, 2, 0.0125, 5, 1.0981763871386647
1000, 2000, 4, 0.0125, 5, 0.5561372293159366
1000, 2000, 8, 0.0125, 5, 0.2970545934513211
1000, 2000, 15, 0.0125, 5, 0.3165120054036379
1000, 2000, 1, 0.0125, 10, 2.193723482079804
1000, 2000, 2, 0.0125, 10, 1.1188472416251898
1000, 2000, 4, 0.0125, 10, 0.5731778908520937
1000, 2000, 8, 0.0125, 10, 0.337307414971292
1000, 2000, 15, 0.0125, 10, 0.4250905513763428
1000, 4000, 1, 0.0125, 1, 4.178472751751542
1000, 4000, 2, 0.0125, 1, 2.1415669145062566
1000, 4000, 4, 0.0125, 1, 1.0809293510392308
1000, 4000, 8, 0.0125, 1, 0.5506082251667976
1000, 4000, 15, 0.0125, 1, 0.3009957345202565
1000, 4000, 1, 0.0125, 5, 4.194744753651321
1000, 4000, 2, 0.0125, 5, 2.113597458228469
1000, 4000, 4, 0.0125, 5, 1.0664856946095824
1000, 4000, 8, 0.0125, 5, 0.5423316452652216
1000, 4000, 15, 0.0125, 5, 0.31814813800156116
1000, 4000, 1, 0.0125, 10, 4.186375921592116
1000, 4000, 2, 0.0125, 10, 2.130272386595607
1000, 4000, 4, 0.0125, 10, 1.0784154571592808
1000, 4000, 8, 0.0125, 10, 0.5584205724298954
1000, 4000, 15, 0.0125, 10, 0.3805332574993372
1000, 8000, 1, 0.0125, 1, 8.192811929620802
1000, 8000, 2, 0.0125, 1, 4.130986321717501
1000, 8000, 4, 0.0125, 1, 2.117947142571211
1000, 8000, 8, 0.0125, 1, 1.0788703430444002
1000, 8000, 15, 0.0125, 1, 0.5823996542021632
1000, 8000, 1, 0.0125, 5, 8.220846084877849
1000, 8000, 2, 0.0125, 5, 4.115019889548421
1000, 8000, 4, 0.0125, 5, 2.0798648353666067
1000, 8000, 8, 0.0125, 5, 1.0466657625511289
1000, 8000, 15, 0.0125, 5, 0.5777680855244398
1000, 8000, 1, 0.0125, 10, 8.23553441464901
1000, 8000, 2, 0.0125, 10, 4.150848659686744
1000, 8000, 4, 0.0125, 10, 2.088766571134329
1000, 8000, 8, 0.0125, 10, 1.0547220185399055
1000, 8000, 15, 0.0125, 10, 0.5881590638309717
1000, 16000, 1, 0.0125, 1, 16.1961137810722
1000, 16000, 2, 0.0125, 1, 8.236360814422369
1000, 16000, 4, 0.0125, 1, 4.152929957024753
1000, 16000, 8, 0.0125, 1, 2.142749235033989
1000, 16000, 15, 0.0125, 1, 1.135384407825768
1000, 16000, 1, 0.0125, 5, 16.200585293583572
1000, 16000, 2, 0.0125, 5, 8.155688039958477
1000, 16000, 4, 0.0125, 5, 4.090587408281863
1000, 16000, 8, 0.0125, 5, 2.061067613773048
1000, 16000, 15, 0.0125, 5, 1.1100935284048319
1000, 16000, 1, 0.0125, 10, 16.22058269008994
1000, 16000, 2, 0.0125, 10, 8.162313993088901
1000, 16000, 4, 0.0125, 10, 4.094529578462243
1000, 16000, 8, 0.0125, 10, 2.0634411899372935
1000, 16000, 15, 0.0125, 10, 1.1171652022749186
1000, 32000, 1, 0.0125, 1, 32.19670491106808
1000, 32000, 2, 0.0125, 1, 16.33855809736997
1000, 32000, 4, 0.0125, 1, 8.080173115245998
1000, 32000, 8, 0.0125, 1, 4.079261124134064
1000, 32000, 15, 0.0125, 1, 2.226988540031016
1000, 32000, 1, 0.0125, 5, 32.164306121878326
1000, 32000, 2, 0.0125, 5, 16.152591284364462
1000, 32000, 4, 0.0125, 5, 8.087048062123358
1000, 32000, 8, 0.0125, 5, 4.068283502943814
1000, 32000, 15, 0.0125, 5, 2.1904831137508154
1000, 32000, 1, 0.0125, 10, 32.25201299600303
1000, 32000, 2, 0.0125, 10, 16.18464655429125
1000, 32000, 4, 0.0125, 10, 8.10135835595429
1000, 32000, 8, 0.0125, 10, 4.067070075310767
1000, 32000, 15, 0.0125, 10, 2.192384802736342
1000, 64000, 1, 0.0125, 1, 64.19844642933458
1000, 64000, 2, 0.0125, 1, 32.536485771648586
1000, 64000, 4, 0.0125, 1, 16.224612285383046
1000, 64000, 8, 0.0125, 1, 8.112904836423695
1000, 64000, 15, 0.0125, 1, 4.3686575992032886
1000, 64000, 1, 0.0125, 5, 64.20993256289512
1000, 64000, 2, 0.0125, 5, 32.239198587834835
1000, 64000, 4, 0.0125, 5, 16.134271221235394
1000, 64000, 8, 0.0125, 5, 8.091799411922693
1000, 64000, 15, 0.0125, 5, 4.343018182553351
1000, 64000, 1, 0.0125, 10, 64.2519868966192
1000, 64000, 2, 0.0125, 10, 32.216292360797524
1000, 64000, 4, 0.0125, 10, 16.118260588496923
1000, 64000, 8, 0.0125, 10, 8.073302876204252
1000, 64000, 15, 0.0125, 10, 4.337444351054728
500, 500, 1, 0.025, 1, 0.3398914225399494
500, 500, 2, 0.025, 1, 0.15852284152060747
500, 500, 4, 0.025, 1, 0.08580654580146074
500, 500, 8, 0.025, 1, 0.06464635580778122
500, 500, 15, 0.025, 1, 0.08379400055855513
500, 500, 1, 0.025, 5, 0.3526297118514776
500, 500, 2, 0.025, 5, 0.18662637658417225
500, 500, 4, 0.025, 5, 0.10528649296611547
500, 500, 8, 0.025, 5, 0.0988156059756875
500, 500, 15, 0.025, 5, 0.12121282704174519
500, 500, 1, 0.025, 10, 0.3612932553514838
500, 500, 2, 0.025, 10, 0.19553070329129696
500, 500, 4, 0.025, 10, 0.1321351993829012
500, 500, 8, 0.025, 10, 0.13504900503903627
500, 500, 15, 0.025, 10, 0.1500839153304696
500, 1000, 1, 0.025, 1, 0.5810689721256495
500, 1000, 2, 0.025, 1, 0.2889864919707179
500, 1000, 4, 0.025, 1, 0.1569888275116682
500, 1000, 8, 0.025, 1, 0.084205636754632
500, 1000, 15, 0.025, 1, 0.09469631407409906
500, 1000, 1, 0.025, 5, 0.6115878326818347
500, 1000, 2, 0.025, 5, 0.2962011871859431
500, 1000, 4, 0.025, 5, 0.1574489027261734
500, 1000, 8, 0.025, 5, 0.11080033518373966
500, 1000, 15, 0.025, 5, 0.1692431876435876
500, 1000, 1, 0.025, 10, 0.6098553733900189
500, 1000, 2, 0.025, 10, 0.3188321013003588
500, 1000, 4, 0.025, 10, 0.17659742571413517
500, 1000, 8, 0.025, 10, 0.13911866955459118
500, 1000, 15, 0.025, 10, 0.1952173924073577
500, 2000, 1, 0.025, 1, 1.0940370056778193
500, 2000, 2, 0.025, 1, 0.5608143769204617
500, 2000, 4, 0.025, 1, 0.2892065644264221
500, 2000, 8, 0.025, 1, 0.14925996772944927
500, 2000, 15, 0.025, 1, 0.10974899306893349
500, 2000, 1, 0.025, 5, 1.1059817355126143
500, 2000, 2, 0.025, 5, 0.5449628243222833
500, 2000, 4, 0.025, 5, 0.28501761704683304
500, 2000, 8, 0.025, 5, 0.15560675412416458
500, 2000, 15, 0.025, 5, 0.1791044743731618
500, 2000, 1, 0.025, 10, 1.1108970688655972
500, 2000, 2, 0.025, 10, 0.5570737039670348
500, 2000, 4, 0.025, 10, 0.2943885987624526
500, 2000, 8, 0.025, 10, 0.1840539462864399
500, 2000, 15, 0.025, 10, 0.24828086607158184
500, 4000, 1, 0.025, 1, 2.1084600584581494
500, 4000, 2, 0.025, 1, 1.0746133932843804
500, 4000, 4, 0.025, 1, 0.5584279494360089
500, 4000, 8, 0.025, 1, 0.28837719559669495
500, 4000, 15, 0.025, 1, 0.1639304207637906
500, 4000, 1, 0.025, 5, 2.117314176633954
500, 4000, 2, 0.025, 5, 1.0675581963732839
500, 4000, 4, 0.025, 5, 0.5396885080263019
500, 4000, 8, 0.025, 5, 0.27639294415712357
500, 4000, 15, 0.025, 5, 0.16898468602448702
500, 4000, 1, 0.025, 10, 2.125432484783232
500, 4000, 2, 0.025, 10, 1.0629744175821543
500, 4000, 4, 0.025, 10, 0.5417324481531978
500, 4000, 8, 0.025, 10, 0.2836472997441888
500, 4000, 15, 0.025, 10, 0.2700221398845315
500, 8000, 1, 0.025, 1, 4.1035256600007415
500, 8000, 2, 0.025, 1, 2.1099030477926135
500, 8000, 4, 0.025, 1, 1.1034483443945646
500, 8000, 8, 0.025, 1, 0.55998804140836
500, 8000, 15, 0.025, 1, 0.3098928015679121
500, 8000, 1, 0.025, 5, 4.115765024907887
500, 8000, 2, 0.025, 5, 2.07625849917531
500, 8000, 4, 0.025, 5, 1.0437817722558975
500, 8000, 8, 0.025, 5, 0.5303838206455112
500, 8000, 15, 0.025, 5, 0.2954544173553586
500, 8000, 1, 0.025, 10, 4.129784465767443
500, 8000, 2, 0.025, 10, 2.084881514310837
500, 8000, 4, 0.025, 10, 1.0467884950339794
500, 8000, 8, 0.025, 10, 0.5343716721981764
500, 8000, 15, 0.025, 10, 0.3074268586933613
500, 16000, 1, 0.025, 1, 8.105918536894023
500, 16000, 2, 0.025, 1, 4.155488412827253
500, 16000, 4, 0.025, 1, 2.0745596615597606
500, 16000, 8, 0.025, 1, 1.0535410111770034
500, 16000, 15, 0.025, 1, 0.6129619013518095
500, 16000, 1, 0.025, 5, 8.11102994531393
500, 16000, 2, 0.025, 5, 4.084460332989693
500, 16000, 4, 0.025, 5, 2.0572487749159336
500, 16000, 8, 0.025, 5, 1.040385871194303
500, 16000, 15, 0.025, 5, 0.5687434822320938
500, 16000, 1, 0.025, 10, 8.127836964093149
500, 16000, 2, 0.025, 10, 4.087746578268707
500, 16000, 4, 0.025, 10, 2.051896810531616
500, 16000, 8, 0.025, 10, 1.0401433687657118
500, 16000, 15, 0.025, 10, 0.5715911788865924
500, 32000, 1, 0.025, 1, 16.109932623803616
500, 32000, 2, 0.025, 1, 8.232902738265693
500, 32000, 4, 0.025, 1, 4.140660770237446
500, 32000, 8, 0.025, 1, 2.0844689290970564
500, 32000, 15, 0.025, 1, 1.2068233918398619
500, 32000, 1, 0.025, 5, 16.119175039231777
500, 32000, 2, 0.025, 5, 8.108551848679781
500, 32000, 4, 0.025, 5, 4.063527580350637
500, 32000, 8, 0.025, 5, 2.0601729415357113
500, 32000, 15, 0.025, 5, 1.1167477769777179
500, 32000, 1, 0.025, 10, 16.128129394724965
500, 32000, 2, 0.025, 10, 8.1062937611714
500, 32000, 4, 0.025, 10, 4.058590120635927
500, 32000, 8, 0.025, 10, 2.0541337626054883
500, 32000, 15, 0.025, 10, 1.1161771286278963
500, 64000, 1, 0.025, 1, 32.10807202011347
500, 64000, 2, 0.025, 1, 16.30832649767399
500, 64000, 4, 0.025, 1, 8.163287313655019
500, 64000, 8, 0.025, 1, 4.126839471049607
500, 64000, 15, 0.025, 1, 2.2843090817332268
500, 64000, 1, 0.025, 5, 32.07641604542732
500, 64000, 2, 0.025, 5, 16.16411579400301
500, 64000, 4, 0.025, 5, 8.088185606524348
500, 64000, 8, 0.025, 5, 4.086657007224858
500, 64000, 15, 0.025, 5, 2.208752777427435
500, 64000, 1, 0.025, 10, 32.12115948647261
500, 64000, 2, 0.025, 10, 16.103084753267467
500, 64000, 4, 0.025, 10, 8.063553816638887
500, 64000, 8, 0.025, 10, 4.080005647614598
500, 64000, 15, 0.025, 10, 2.20668688416481
1000, 500, 1, 0.025, 1, 0.6819847524166107
1000, 500, 2, 0.025, 1, 0.32642124500125647
1000, 500, 4, 0.025, 1, 0.17266681231558323
1000, 500, 8, 0.025, 1, 0.12508457154035568
1000, 500, 15, 0.025, 1, 0.17494610976427794
1000, 500, 1, 0.025, 5, 0.6998687107115984
1000, 500, 2, 0.025, 5, 0.3356795581057668
1000, 500, 4, 0.025, 5, 0.2091736551374197
1000, 500, 8, 0.025, 5, 0.19017729815095663
1000, 500, 15, 0.025, 5, 0.2645466346293688
1000, 500, 1, 0.025, 10, 0.7198617085814476
1000, 500, 2, 0.025, 10, 0.37900286819785833
1000, 500, 4, 0.025, 10, 0.2568263355642557
1000, 500, 8, 0.025, 10, 0.260200628079474
1000, 500, 15, 0.025, 10, 0.3048948999494314
1000, 1000, 1, 0.025, 1, 1.1969361957162619
1000, 1000, 2, 0.025, 1, 0.6013268977403641
1000, 1000, 4, 0.025, 1, 0.312636511400342
1000, 1000, 8, 0.025, 1, 0.16860100999474525
1000, 1000, 15, 0.025, 1, 0.18402069713920355
1000, 1000, 1, 0.025, 5, 1.2237847428768873
1000, 1000, 2, 0.025, 5, 0.5972848050296307
1000, 1000, 4, 0.025, 5, 0.31414440367370844
1000, 1000, 8, 0.025, 5, 0.2218743758276105
1000, 1000, 15, 0.025, 5, 0.33617317117750645
1000, 1000, 1, 0.025, 10, 1.2310560559853911
1000, 1000, 2, 0.025, 10, 0.6107163038104773
1000, 1000, 4, 0.025, 10, 0.33834316954016685
1000, 1000, 8, 0.025, 10, 0.27671736292541027
1000, 1000, 15, 0.025, 10, 0.42677644919604063
1000, 2000, 1, 0.025, 1, 2.1979978466406465
1000, 2000, 2, 0.025, 1, 1.1275933422148228
1000, 2000, 4, 0.025, 1, 0.5680977385491133
1000, 2000, 8, 0.025, 1, 0.29571497067809105
1000, 2000, 15, 0.025, 1, 0.21001683734357357
1000, 2000, 1, 0.025, 5, 2.212748136371374
1000, 2000, 2, 0.025, 5, 1.098349223844707
1000, 2000, 4, 0.025, 5, 0.5637498507276177
1000, 2000, 8, 0.025, 5, 0.30286129657179117
1000, 2000, 15, 0.025, 5, 0.35853229090571404
1000, 2000, 1, 0.025, 10, 2.2328331666067243
1000, 2000, 2, 0.025, 10, 1.1259270664304495
1000, 2000, 4, 0.025, 10, 0.5831744279712439
1000, 2000, 8, 0.025, 10, 0.3458450362086296
1000, 2000, 15, 0.025, 10, 0.5228540934622288
1000, 4000, 1, 0.025, 1, 4.201438753865659
1000, 4000, 2, 0.025, 1, 2.1638859482482076
1000, 4000, 4, 0.025, 1, 1.0887358747422695
1000, 4000, 8, 0.025, 1, 0.5773777589201927
1000, 4000, 15, 0.025, 1, 0.3159942692145705
1000, 4000, 1, 0.025, 5, 4.185364832170308
1000, 4000, 2, 0.025, 5, 2.1173087302595377
1000, 4000, 4, 0.025, 5, 1.078077976591885
1000, 4000, 8, 0.025, 5, 0.5507064880803227
1000, 4000, 15, 0.025, 5, 0.3423022301867604
1000, 4000, 1, 0.025, 10, 4.247596778906882
1000, 4000, 2, 0.025, 10, 2.14825792144984
1000, 4000, 4, 0.025, 10, 1.0773984668776393
1000, 4000, 8, 0.025, 10, 0.5625091465190053
1000, 4000, 15, 0.025, 10, 0.5680235922336578
1000, 8000, 1, 0.025, 1, 8.196899497881532
1000, 8000, 2, 0.025, 1, 4.171615238301456
1000, 8000, 4, 0.025, 1, 2.2466603834182024
1000, 8000, 8, 0.025, 1, 1.119855041615665
1000, 8000, 15, 0.025, 1, 0.620365472510457
1000, 8000, 1, 0.025, 5, 8.217369597405195
1000, 8000, 2, 0.025, 5, 4.14496916718781
1000, 8000, 4, 0.025, 5, 2.0884792897850275
1000, 8000, 8, 0.025, 5, 1.0574136208742857
1000, 8000, 15, 0.025, 5, 0.58700249530375
1000, 8000, 1, 0.025, 10, 8.2419023970142
1000, 8000, 2, 0.025, 10, 4.157603933475912
1000, 8000, 4, 0.025, 10, 2.093131871894002
1000, 8000, 8, 0.025, 10, 1.0556353088468313
1000, 8000, 15, 0.025, 10, 0.6095943506807089
1000, 16000, 1, 0.025, 1, 16.202045355923474
1000, 16000, 2, 0.025, 1, 8.330918866209686
1000, 16000, 4, 0.025, 1, 4.155405857600272
1000, 16000, 8, 0.025, 1, 2.0894851870834827
1000, 16000, 15, 0.025, 1, 1.1884665992110968
1000, 16000, 1, 0.025, 5, 16.221162964589894
1000, 16000, 2, 0.025, 5, 8.15764636080712
1000, 16000, 4, 0.025, 5, 4.104179187677801
1000, 16000, 8, 0.025, 5, 2.0652210162952542
1000, 16000, 15, 0.025, 5, 1.1213659141212702
1000, 16000, 1, 0.025, 10, 16.164654962718487
1000, 16000, 2, 0.025, 10, 8.164693960919976
1000, 16000, 4, 0.025, 10, 4.0964926751330495
1000, 16000, 8, 0.025, 10, 2.063532234169543
1000, 16000, 15, 0.025, 10, 1.1296622911468148
1000, 32000, 1, 0.025, 1, 32.19731477275491
1000, 32000, 2, 0.025, 1, 16.519078590907156
1000, 32000, 4, 0.025, 1, 8.246477577835321
1000, 32000, 8, 0.025, 1, 4.14890247490257
1000, 32000, 15, 0.025, 1, 2.301775607280433
1000, 32000, 1, 0.025, 5, 32.22702615428716
1000, 32000, 2, 0.025, 5, 16.227741467766464
1000, 32000, 4, 0.025, 5, 8.12796350196004
1000, 32000, 8, 0.025, 5, 4.076032015495002
1000, 32000, 15, 0.025, 5, 2.2046699011698365
1000, 32000, 1, 0.025, 10, 32.24349203892052
1000, 32000, 2, 0.025, 10, 16.211834733374417
1000, 32000, 4, 0.025, 10, 8.106219426728785
1000, 32000, 8, 0.025, 10, 4.075544388964772
1000, 32000, 15, 0.025, 10, 2.2005492877215147
1000, 64000, 1, 0.025, 1, 64.18092321790755
1000, 64000, 2, 0.025, 1, 32.854109888896346
1000, 64000, 4, 0.025, 1, 16.353112420998514
1000, 64000, 8, 0.025, 1, 8.135115154087543
1000, 64000, 15, 0.025, 1, 4.442997192032635
1000, 64000, 1, 0.025, 5, 64.18192066531628
1000, 64000, 2, 0.025, 5, 32.32225494645536
1000, 64000, 4, 0.025, 5, 16.12001670897007
1000, 64000, 8, 0.025, 5, 8.118992001749575
1000, 64000, 15, 0.025, 5, 4.36694023385644
1000, 64000, 1, 0.025, 10, 64.18381716869771
1000, 64000, 2, 0.025, 10, 32.19165472872555
1000, 64000, 4, 0.025, 10, 16.124151857569814
1000, 64000, 8, 0.025, 10, 8.086742938496172
1000, 64000, 15, 0.025, 10, 4.351829642429948
500, 500, 1, 0.05, 1, 0.3494712132960558
500, 500, 2, 0.05, 1, 0.1686258465051651
500, 500, 4, 0.05, 1, 0.09210368618369102
500, 500, 8, 0.05, 1, 0.0774674816057086
500, 500, 15, 0.05, 1, 0.09244654886424541
500, 500, 1, 0.05, 5, 0.3527465797960758
500, 500, 2, 0.05, 5, 0.172293184325099
500, 500, 4, 0.05, 5, 0.11018109321594238
500, 500, 8, 0.05, 5, 0.10729612223803997
500, 500, 15, 0.05, 5, 0.1547215087339282
500, 500, 1, 0.05, 10, 0.3659628452733159
500, 500, 2, 0.05, 10, 0.19816033449023962
500, 500, 4, 0.05, 10, 0.13049893081188202
500, 500, 8, 0.05, 10, 0.13675849046558142
500, 500, 15, 0.05, 10, 0.1512236027047038
500, 1000, 1, 0.05, 1, 0.6011262126266956
500, 1000, 2, 0.05, 1, 0.313881216570735
500, 1000, 4, 0.05, 1, 0.16541034821420908
500, 1000, 8, 0.05, 1, 0.09224069491028786
500, 1000, 15, 0.05, 1, 0.1100185438990593
500, 1000, 1, 0.05, 5, 0.609059251844883
500, 1000, 2, 0.05, 5, 0.2930564386770129
500, 1000, 4, 0.05, 5, 0.16326009668409824
500, 1000, 8, 0.05, 5, 0.12875118013471365
500, 1000, 15, 0.05, 5, 0.19303635600954294
500, 1000, 1, 0.05, 10, 0.6189321139827371
500, 1000, 2, 0.05, 10, 0.31127440370619297
500, 1000, 4, 0.05, 10, 0.18146119359880686
500, 1000, 8, 0.05, 10, 0.16624289099127054
500, 1000, 15, 0.05, 10, 0.2566293878480792
500, 2000, 1, 0.05, 1, 1.0983066968619823
500, 2000, 2, 0.05, 1, 0.5761848408728838
500, 2000, 4, 0.05, 1, 0.3010121714323759
500, 2000, 8, 0.05, 1, 0.16386364214122295
500, 2000, 15, 0.05, 1, 0.14187083393335342
500, 2000, 1, 0.05, 5, 1.1080674240365624
500, 2000, 2, 0.05, 5, 0.5553379105404019
500, 2000, 4, 0.05, 5, 0.28677271120250225
500, 2000, 8, 0.05, 5, 0.1644749976694584
500, 2000, 15, 0.05, 5, 0.23061560839414597
500, 2000, 1, 0.05, 10, 1.121096795424819
500, 2000, 2, 0.05, 10, 0.5619036294519901
500, 2000, 4, 0.05, 10, 0.29429775290191174
500, 2000, 8, 0.05, 10, 0.19088681507855654
500, 2000, 15, 0.05, 10, 0.32185560278594494
500, 4000, 1, 0.05, 1, 2.102188785560429
500, 4000, 2, 0.05, 1, 1.109566162340343
500, 4000, 4, 0.05, 1, 0.6257149912416935
500, 4000, 8, 0.05, 1, 0.31276713963598013
500, 4000, 15, 0.05, 1, 0.20551671274006367
500, 4000, 1, 0.05, 5, 2.1222649216651917
500, 4000, 2, 0.05, 5, 1.0735428668558598
500, 4000, 4, 0.05, 5, 0.540157850831747
500, 4000, 8, 0.05, 5, 0.2826255625113845
500, 4000, 15, 0.05, 5, 0.30856812838464975
500, 4000, 1, 0.05, 10, 2.1266349740326405
500, 4000, 2, 0.05, 10, 1.071585708297789
500, 4000, 4, 0.05, 10, 0.5442495886236429
500, 4000, 8, 0.05, 10, 0.2880966104567051
500, 4000, 15, 0.05, 10, 0.4011097615584731
500, 8000, 1, 0.05, 1, 4.104287646710873
500, 8000, 2, 0.05, 1, 2.1626245882362127
500, 8000, 4, 0.05, 1, 1.0767198614776134
500, 8000, 8, 0.05, 1, 0.5449174772948027
500, 8000, 15, 0.05, 1, 0.37751972023397684
500, 8000, 1, 0.05, 5, 4.119114639237523
500, 8000, 2, 0.05, 5, 2.0881054447963834
500, 8000, 4, 0.05, 5, 1.0466773947700858
500, 8000, 8, 0.05, 5, 0.5341307120397687
500, 8000, 15, 0.05, 5, 0.40777833480387926
500, 8000, 1, 0.05, 10, 4.128045733086765
500, 8000, 2, 0.05, 10, 2.091020841151476
500, 8000, 4, 0.05, 10, 1.047611483372748
500, 8000, 8, 0.05, 10, 0.5390055868774652
500, 8000, 15, 0.05, 10, 0.5218719346448779
500, 16000, 1, 0.05, 1, 8.103790353052318
500, 16000, 2, 0.05, 1, 4.216079311445355
500, 16000, 4, 0.05, 1, 2.1151472413912416
500, 16000, 8, 0.05, 1, 1.078495698980987
500, 16000, 15, 0.05, 1, 0.6733104363083839
500, 16000, 1, 0.05, 5, 8.113629191182554
500, 16000, 2, 0.05, 5, 4.106373438611627
500, 16000, 4, 0.05, 5, 2.0718085980042815
500, 16000, 8, 0.05, 5, 1.0490960078313947
500, 16000, 15, 0.05, 5, 0.6013899398967624
500, 16000, 1, 0.05, 10, 8.12579580489546
500, 16000, 2, 0.05, 10, 4.099885277450085
500, 16000, 4, 0.05, 10, 2.055862421169877
500, 16000, 8, 0.05, 10, 1.0442064451053739
500, 16000, 15, 0.05, 10, 0.6602709563449025
500, 32000, 1, 0.05, 1, 16.108950548805296
500, 32000, 2, 0.05, 1, 8.230528051033616
500, 32000, 4, 0.05, 1, 4.115328915417194
500, 32000, 8, 0.05, 1, 2.082982826977968
500, 32000, 15, 0.05, 1, 1.264131098985672
500, 32000, 1, 0.05, 5, 16.11424985807389
500, 32000, 2, 0.05, 5, 8.113967974670231
500, 32000, 4, 0.05, 5, 4.09263348672539
500, 32000, 8, 0.05, 5, 2.075140808708966
500, 32000, 15, 0.05, 5, 1.1508714873343706
500, 32000, 1, 0.05, 10, 16.131907150149345
500, 32000, 2, 0.05, 10, 8.110756165347993
500, 32000, 4, 0.05, 10, 4.077141337096691
500, 32000, 8, 0.05, 10, 2.06770923640579
500, 32000, 15, 0.05, 10, 1.1523537980392575
500, 64000, 1, 0.05, 1, 32.10766368731856
500, 64000, 2, 0.05, 1, 16.80963220447302
500, 64000, 4, 0.05, 1, 8.288014436140656
500, 64000, 8, 0.05, 1, 4.180806289426982
500, 64000, 15, 0.05, 1, 2.4097749181091785
500, 64000, 1, 0.05, 5, 32.10480832308531
500, 64000, 2, 0.05, 5, 16.111796813085675
500, 64000, 4, 0.05, 5, 8.142941555008292
500, 64000, 8, 0.05, 5, 4.133092715404928
500, 64000, 15, 0.05, 5, 2.283145480789244
500, 64000, 1, 0.05, 10, 32.13428074400872
500, 64000, 2, 0.05, 10, 16.162932361476123
500, 64000, 4, 0.05, 10, 8.093688410706818
500, 64000, 8, 0.05, 10, 4.101386966183782
500, 64000, 15, 0.05, 10, 2.2421922655776143
1000, 500, 1, 0.05, 1, 0.6817079177126288
1000, 500, 2, 0.05, 1, 0.34419270139187574
1000, 500, 4, 0.05, 1, 0.1803513653576374
1000, 500, 8, 0.05, 1, 0.15313170943409204
1000, 500, 15, 0.05, 1, 0.1825416861101985
1000, 500, 1, 0.05, 5, 0.703655474819243
1000, 500, 2, 0.05, 5, 0.3441661708056927
1000, 500, 4, 0.05, 5, 0.21171401906758547
1000, 500, 8, 0.05, 5, 0.20866320189088583
1000, 500, 15, 0.05, 5, 0.2810893002897501
1000, 500, 1, 0.05, 10, 0.7162302592769265
1000, 500, 2, 0.05, 10, 0.40932114887982607
1000, 500, 4, 0.05, 10, 0.2562191393226385
1000, 500, 8, 0.05, 10, 0.24996036477386951
1000, 500, 15, 0.05, 10, 0.3324335804209113
1000, 1000, 1, 0.05, 1, 1.1928621670231223
1000, 1000, 2, 0.05, 1, 0.6333505343645811
1000, 1000, 4, 0.05, 1, 0.31765410769730806
1000, 1000, 8, 0.05, 1, 0.17599991988390684
1000, 1000, 15, 0.05, 1, 0.21969648450613022
1000, 1000, 1, 0.05, 5, 1.2116082273423672
1000, 1000, 2, 0.05, 5, 0.596623508259654
1000, 1000, 4, 0.05, 5, 0.31305328756570816
1000, 1000, 8, 0.05, 5, 0.22767890337854624
1000, 1000, 15, 0.05, 5, 0.3601774238049984
1000, 1000, 1, 0.05, 10, 1.2392737111076713
1000, 1000, 2, 0.05, 10, 0.6171190487220883
1000, 1000, 4, 0.05, 10, 0.3591820178553462
1000, 1000, 8, 0.05, 10, 0.288077088072896
1000, 1000, 15, 0.05, 10, 0.4792217696085572
1000, 2000, 1, 0.05, 1, 2.1625745622441173
1000, 2000, 2, 0.05, 1, 1.159175032749772
1000, 2000, 4, 0.05, 1, 0.60779725946486
1000, 2000, 8, 0.05, 1, 0.32653411384671926
1000, 2000, 15, 0.05, 1, 0.2788407504558563
1000, 2000, 1, 0.05, 5, 2.2136596823111176
1000, 2000, 2, 0.05, 5, 1.1160672921687365
1000, 2000, 4, 0.05, 5, 0.5717207062989473
1000, 2000, 8, 0.05, 5, 0.3169589573517442
1000, 2000, 15, 0.05, 5, 0.4535907590761781
1000, 2000, 1, 0.05, 10, 2.214475895278156
1000, 2000, 2, 0.05, 10, 1.1245612828060985
1000, 2000, 4, 0.05, 10, 0.5901661878451705
1000, 2000, 8, 0.05, 10, 0.3703440949320793
1000, 2000, 15, 0.05, 10, 0.6244530584663153
1000, 4000, 1, 0.05, 1, 4.162574931979179
1000, 4000, 2, 0.05, 1, 2.2386513706296682
1000, 4000, 4, 0.05, 1, 1.2464948240667582
1000, 4000, 8, 0.05, 1, 0.6248274464160204
1000, 4000, 15, 0.05, 1, 0.41242778580635786
1000, 4000, 1, 0.05, 5, 4.219094090163708
1000, 4000, 2, 0.05, 5, 2.155918873846531
1000, 4000, 4, 0.05, 5, 1.0879418589174747
1000, 4000, 8, 0.05, 5, 0.5612299805507064
1000, 4000, 15, 0.05, 5, 0.6110719470307231
1000, 4000, 1, 0.05, 10, 4.177772513590753
1000, 4000, 2, 0.05, 10, 2.170077440328896
1000, 4000, 4, 0.05, 10, 1.0870691472664475
1000, 4000, 8, 0.05, 10, 0.5745516326278448
1000, 4000, 15, 0.05, 10, 0.7735283160582185
1000, 8000, 1, 0.05, 1, 8.196530594490469
1000, 8000, 2, 0.05, 1, 4.340021014213562
1000, 8000, 4, 0.05, 1, 2.170918680727482
1000, 8000, 8, 0.05, 1, 1.0895335441455245
1000, 8000, 15, 0.05, 1, 0.7324337000027299
1000, 8000, 1, 0.05, 5, 8.22101297788322
1000, 8000, 2, 0.05, 5, 4.163076546043158
1000, 8000, 4, 0.05, 5, 2.0984775871038437
1000, 8000, 8, 0.05, 5, 1.0682993810623884
1000, 8000, 15, 0.05, 5, 0.7250406304374337
1000, 8000, 1, 0.05, 10, 8.182725773192942
1000, 8000, 2, 0.05, 10, 4.177338181063533
1000, 8000, 4, 0.05, 10, 2.08945747744292
1000, 8000, 8, 0.05, 10, 1.0657288692891598
1000, 8000, 15, 0.05, 10, 1.032911659218371
1000, 16000, 1, 0.05, 1, 16.185350737534463
1000, 16000, 2, 0.05, 1, 8.381992048583925
1000, 16000, 4, 0.05, 1, 4.251646016724408
1000, 16000, 8, 0.05, 1, 2.1456518340855837
1000, 16000, 15, 0.05, 1, 1.369934432208538
1000, 16000, 1, 0.05, 5, 16.20281014032662
1000, 16000, 2, 0.05, 5, 8.1852555135265
1000, 16000, 4, 0.05, 5, 4.126019884832203
1000, 16000, 8, 0.05, 5, 2.0896153077483177
1000, 16000, 15, 0.05, 5, 1.1907823961228132
1000, 16000, 1, 0.05, 10, 16.249280541203916
1000, 16000, 2, 0.05, 10, 8.19681167602539
1000, 16000, 4, 0.05, 10, 4.113131929188967
1000, 16000, 8, 0.05, 10, 2.0796191478148103
1000, 16000, 15, 0.05, 10, 1.2992746476083994
1000, 32000, 1, 0.05, 1, 32.18395364843309
1000, 32000, 2, 0.05, 1, 16.876288109458983
1000, 32000, 4, 0.05, 1, 8.283619485795498
1000, 32000, 8, 0.05, 1, 4.214618888683617
1000, 32000, 15, 0.05, 1, 2.4890308119356632
1000, 32000, 1, 0.05, 5, 32.17256766464561
1000, 32000, 2, 0.05, 5, 16.290760352276266
1000, 32000, 4, 0.05, 5, 8.194394561462104
1000, 32000, 8, 0.05, 5, 4.122700315900147
1000, 32000, 15, 0.05, 5, 2.2800797084346414
1000, 32000, 1, 0.05, 10, 32.20523045491427
1000, 32000, 2, 0.05, 10, 16.24904087278992
1000, 32000, 4, 0.05, 10, 8.131994755007327
1000, 32000, 8, 0.05, 10, 4.101792736910284
1000, 32000, 15, 0.05, 10, 2.269182641990483
1000, 64000, 1, 0.05, 1, 64.1882528886199
1000, 64000, 2, 0.05, 1, 33.60744569543749
1000, 64000, 4, 0.05, 1, 16.706205115653574
1000, 64000, 8, 0.05, 1, 8.347204614430666
1000, 64000, 15, 0.05, 1, 4.742614965885878
1000, 64000, 1, 0.05, 5, 64.18843161966652
1000, 64000, 2, 0.05, 5, 32.516499056480825
1000, 64000, 4, 0.05, 5, 16.307021857239306
1000, 64000, 8, 0.05, 5, 8.2227932959795
1000, 64000, 15, 0.05, 5, 4.444789499975741
1000, 64000, 1, 0.05, 10, 64.21835126541555
1000, 64000, 2, 0.05, 10, 32.28792398888618
1000, 64000, 4, 0.05, 10, 16.191965965554118
1000, 64000, 8, 0.05, 10, 8.139636264182627
1000, 64000, 15, 0.05, 10, 4.425333701074123
500, 500, 1, 0.1, 1, 0.3435016693547368
500, 500, 2, 0.1, 1, 0.17810792941600084
500, 500, 4, 0.1, 1, 0.09716113563627005
500, 500, 8, 0.1, 1, 0.10325362160801888
500, 500, 15, 0.1, 1, 0.10577531531453133
500, 500, 1, 0.1, 5, 0.3521849662065506
500, 500, 2, 0.1, 5, 0.17337029799818993
500, 500, 4, 0.1, 5, 0.11760191712528467
500, 500, 8, 0.1, 5, 0.1346971644088626
500, 500, 15, 0.1, 5, 0.18700664769858122
500, 500, 1, 0.1, 10, 0.36727372743189335
500, 500, 2, 0.1, 10, 0.19769872073084116
500, 500, 4, 0.1, 10, 0.14245737809687853
500, 500, 8, 0.1, 10, 0.16765230521559715
500, 500, 15, 0.1, 10, 0.19167335983365774
500, 1000, 1, 0.1, 1, 0.5942389341071248
500, 1000, 2, 0.1, 1, 0.3283228548243642
500, 1000, 4, 0.1, 1, 0.1845914339646697
500, 1000, 8, 0.1, 1, 0.13035692926496267
500, 1000, 15, 0.1, 1, 0.13466792553663254
500, 1000, 1, 0.1, 5, 0.6057378510013223
500, 1000, 2, 0.1, 5, 0.3047763481736183
500, 1000, 4, 0.1, 5, 0.16535426024347544
500, 1000, 8, 0.1, 5, 0.1623314144089818
500, 1000, 15, 0.1, 5, 0.21790521312505007
500, 1000, 1, 0.1, 10, 0.6217795684933662
500, 1000, 2, 0.1, 10, 0.3251369511708617
500, 1000, 4, 0.1, 10, 0.1854665307328105
500, 1000, 8, 0.1, 10, 0.20160283520817757
500, 1000, 15, 0.1, 10, 0.27129984460771084
500, 2000, 1, 0.1, 1, 1.0932599930092692
500, 2000, 2, 0.1, 1, 0.6020116033032537
500, 2000, 4, 0.1, 1, 0.3813699455931783
500, 2000, 8, 0.1, 1, 0.2047568717971444
500, 2000, 15, 0.1, 1, 0.1922556208446622
500, 2000, 1, 0.1, 5, 1.1029393887147307
500, 2000, 2, 0.1, 5, 0.5679531823843718
500, 2000, 4, 0.1, 5, 0.28963045682758093
500, 2000, 8, 0.1, 5, 0.23004594817757607
500, 2000, 15, 0.1, 5, 0.3092626538127661
500, 2000, 1, 0.1, 10, 1.115431129001081
500, 2000, 2, 0.1, 10, 0.5676380963996053
500, 2000, 4, 0.1, 10, 0.2999895317479968
500, 2000, 8, 0.1, 10, 0.2619309751316905
500, 2000, 15, 0.1, 10, 0.3862153869122267
500, 4000, 1, 0.1, 1, 2.1012923568487167
500, 4000, 2, 0.1, 1, 1.0618547946214676
500, 4000, 4, 0.1, 1, 0.5679254094138741
500, 4000, 8, 0.1, 1, 0.3723986502736807
500, 4000, 15, 0.1, 1, 0.29401067923754454
500, 4000, 1, 0.1, 5, 2.1148225711658597
500, 4000, 2, 0.1, 5, 1.0832173731178045
500, 4000, 4, 0.1, 5, 0.5496517643332481
500, 4000, 8, 0.1, 5, 0.31373925879597664
500, 4000, 15, 0.1, 5, 0.40717853885143995
500, 4000, 1, 0.1, 10, 2.1206523217260838
500, 4000, 2, 0.1, 10, 1.0857238238677382
500, 4000, 4, 0.1, 10, 0.5538240075111389
500, 4000, 8, 0.1, 10, 0.3384435875341296
500, 4000, 15, 0.1, 10, 0.5429746583104134
500, 8000, 1, 0.1, 1, 4.080505128949881
500, 8000, 2, 0.1, 1, 2.0835097897797823
500, 8000, 4, 0.1, 1, 1.1029665535315871
500, 8000, 8, 0.1, 1, 0.7458094451576471
500, 8000, 15, 0.1, 1, 0.508406862616539
500, 8000, 1, 0.1, 5, 4.112530207261443
500, 8000, 2, 0.1, 5, 2.1044904878363013
500, 8000, 4, 0.1, 5, 1.064818162471056
500, 8000, 8, 0.1, 5, 0.5710224332287908
500, 8000, 15, 0.1, 5, 0.6199157731607556
500, 8000, 1, 0.1, 10, 4.131466317921877
500, 8000, 2, 0.1, 10, 2.102978709153831
500, 8000, 4, 0.1, 10, 1.0594172980636358
500, 8000, 8, 0.1, 10, 0.5807760721072555
500, 8000, 15, 0.1, 10, 0.7494167443364859
500, 16000, 1, 0.1, 1, 8.103088090196252
500, 16000, 2, 0.1, 1, 4.364367862232029
500, 16000, 4, 0.1, 1, 2.1850794460624456
500, 16000, 8, 0.1, 1, 1.1758499145507812
500, 16000, 15, 0.1, 1, 0.9600159162655473
500, 16000, 1, 0.1, 5, 8.11510531976819
500, 16000, 2, 0.1, 5, 4.163496179506183
500, 16000, 4, 0.1, 5, 2.100468296557665
500, 16000, 8, 0.1, 5, 1.1021497817710042
500, 16000, 15, 0.1, 5, 1.0322007676586509
500, 16000, 1, 0.1, 10, 8.095921566709876
500, 16000, 2, 0.1, 10, 4.12213790602982
500, 16000, 4, 0.1, 10, 2.075756919570267
500, 16000, 8, 0.1, 10, 1.0863086748868227
500, 16000, 15, 0.1, 10, 1.168668869882822
500, 32000, 1, 0.1, 1, 16.103660106658936
500, 32000, 2, 0.1, 1, 8.747807151637971
500, 32000, 4, 0.1, 1, 4.400396760553122
500, 32000, 8, 0.1, 1, 2.299329702742398
500, 32000, 15, 0.1, 1, 1.9494414096698165
500, 32000, 1, 0.1, 5, 16.119105136953294
500, 32000, 2, 0.1, 5, 8.221540725789964
500, 32000, 4, 0.1, 5, 4.141491512767971
500, 32000, 8, 0.1, 5, 2.1557336300611496
500, 32000, 15, 0.1, 5, 1.829374086111784
500, 32000, 1, 0.1, 10, 16.135769402608275
500, 32000, 2, 0.1, 10, 8.158477762714028
500, 32000, 4, 0.1, 10, 4.108303786255419
500, 32000, 8, 0.1, 10, 2.111861743964255
500, 32000, 15, 0.1, 10, 1.993424167856574
500, 64000, 1, 0.1, 1, 32.10549423377961
500, 64000, 2, 0.1, 1, 17.724511133506894
500, 64000, 4, 0.1, 1, 10.483017385005951
500, 64000, 8, 0.1, 1, 5.690114128403366
500, 64000, 15, 0.1, 1, 3.8735482953488827
500, 64000, 1, 0.1, 5, 32.10917068365961
500, 64000, 2, 0.1, 5, 16.192643091082573
500, 64000, 4, 0.1, 5, 8.326258792541921
500, 64000, 8, 0.1, 5, 4.244718509726226
500, 64000, 15, 0.1, 5, 3.5351459365338087
500, 64000, 1, 0.1, 10, 32.13206118438393
500, 64000, 2, 0.1, 10, 16.238571351394057
500, 64000, 4, 0.1, 10, 8.14565347135067
500, 64000, 8, 0.1, 10, 4.169700600206852
500, 64000, 15, 0.1, 10, 3.607691309414804
1000, 500, 1, 0.1, 1, 0.6811574837192893
1000, 500, 2, 0.1, 1, 0.3691156795248389
1000, 500, 4, 0.1, 1, 0.18815085664391518
1000, 500, 8, 0.1, 1, 0.1995341032743454
1000, 500, 15, 0.1, 1, 0.21455917693674564
1000, 500, 1, 0.1, 5, 0.6616222504526377
1000, 500, 2, 0.1, 5, 0.3656886126846075
1000, 500, 4, 0.1, 5, 0.22856737207621336
1000, 500, 8, 0.1, 5, 0.2565224766731262
1000, 500, 15, 0.1, 5, 0.38070163410156965
1000, 500, 1, 0.1, 10, 0.7304972289130092
1000, 500, 2, 0.1, 10, 0.40953892655670643
1000, 500, 4, 0.1, 10, 0.27654206566512585
1000, 500, 8, 0.1, 10, 0.32604270800948143
1000, 500, 15, 0.1, 10, 0.3680938296020031
1000, 1000, 1, 0.1, 1, 1.196215571835637
1000, 1000, 2, 0.1, 1, 0.6352603174746037
1000, 1000, 4, 0.1, 1, 0.3518722727894783
1000, 1000, 8, 0.1, 1, 0.2578778686001897
1000, 1000, 15, 0.1, 1, 0.26549170911312103
1000, 1000, 1, 0.1, 5, 1.2222280725836754
1000, 1000, 2, 0.1, 5, 0.5983728524297476
1000, 1000, 4, 0.1, 5, 0.3389264000579715
1000, 1000, 8, 0.1, 5, 0.31333546433597803
1000, 1000, 15, 0.1, 5, 0.4400893170386553
1000, 1000, 1, 0.1, 10, 1.2367175705730915
1000, 1000, 2, 0.1, 10, 0.635763437487185
1000, 1000, 4, 0.1, 10, 0.37143961153924465
1000, 1000, 8, 0.1, 10, 0.3940584324300289
1000, 1000, 15, 0.1, 10, 0.537903300486505
1000, 2000, 1, 0.1, 1, 2.20033891312778
1000, 2000, 2, 0.1, 1, 1.2300974503159523
1000, 2000, 4, 0.1, 1, 0.7664885763078928
1000, 2000, 8, 0.1, 1, 0.40922208596020937
1000, 2000, 15, 0.1, 1, 0.3790487963706255
1000, 2000, 1, 0.1, 5, 2.214508247561753
1000, 2000, 2, 0.1, 5, 1.1226392351090908
1000, 2000, 4, 0.1, 5, 0.5759845580905676
1000, 2000, 8, 0.1, 5, 0.38873599376529455
1000, 2000, 15, 0.1, 5, 0.58682871889323
1000, 2000, 1, 0.1, 10, 2.2426926204934716
1000, 2000, 2, 0.1, 10, 1.1324699642136693
1000, 2000, 4, 0.1, 10, 0.6039046505466104
1000, 2000, 8, 0.1, 10, 0.4657289385795593
1000, 2000, 15, 0.1, 10, 0.7599067147821188
1000, 4000, 1, 0.1, 1, 4.1978637762367725
1000, 4000, 2, 0.1, 1, 2.338153723627329
1000, 4000, 4, 0.1, 1, 1.1668277466669679
1000, 4000, 8, 0.1, 1, 0.7817598655819893
1000, 4000, 15, 0.1, 1, 0.5841256966814399
1000, 4000, 1, 0.1, 5, 4.218943406827748
1000, 4000, 2, 0.1, 5, 2.1614899514243007
1000, 4000, 4, 0.1, 5, 1.0955136325210333
1000, 4000, 8, 0.1, 5, 0.6233631297945976
1000, 4000, 15, 0.1, 5, 0.78395642247051
1000, 4000, 1, 0.1, 10, 4.235557271167636
1000, 4000, 2, 0.1, 10, 2.174378198571503
1000, 4000, 4, 0.1, 10, 1.1105358619242907
1000, 4000, 8, 0.1, 10, 0.7007373766973615
1000, 4000, 15, 0.1, 10, 1.0279675805941224
1000, 8000, 1, 0.1, 1, 8.1997304065153
1000, 8000, 2, 0.1, 1, 4.4885585037991405
1000, 8000, 4, 0.1, 1, 2.2322222301736474
1000, 8000, 8, 0.1, 1, 1.255208345130086
1000, 8000, 15, 0.1, 1, 1.0224110074341297
1000, 8000, 1, 0.1, 5, 8.21428960096091
1000, 8000, 2, 0.1, 5, 4.2149105574935675
1000, 8000, 4, 0.1, 5, 2.145709590986371
1000, 8000, 8, 0.1, 5, 1.1453183377161622
1000, 8000, 15, 0.1, 5, 1.2398760439828038
1000, 8000, 1, 0.1, 10, 8.22684495151043
1000, 8000, 2, 0.1, 10, 4.176786161959171
1000, 8000, 4, 0.1, 10, 2.1152958758175373
1000, 8000, 8, 0.1, 10, 1.148847447708249
1000, 8000, 15, 0.1, 10, 1.4453781554475427
1000, 16000, 1, 0.1, 1, 16.192533591762185
1000, 16000, 2, 0.1, 1, 8.351015212014318
1000, 16000, 4, 0.1, 1, 4.403619232587516
1000, 16000, 8, 0.1, 1, 2.4445601869374514
1000, 16000, 15, 0.1, 1, 1.972589585930109
1000, 16000, 1, 0.1, 5, 16.223600490018725
1000, 16000, 2, 0.1, 5, 8.249630631878972
1000, 16000, 4, 0.1, 5, 4.184480015188456
1000, 16000, 8, 0.1, 5, 2.1953400364145637
1000, 16000, 15, 0.1, 5, 2.0413083462044597
1000, 16000, 1, 0.1, 10, 16.220010652206838
1000, 16000, 2, 0.1, 10, 8.246990028768778
1000, 16000, 4, 0.1, 10, 4.147453913465142
1000, 16000, 8, 0.1, 10, 2.1685464242473245
1000, 16000, 15, 0.1, 10, 2.3748472342267632
1000, 32000, 1, 0.1, 1, 32.205646300688386
1000, 32000, 2, 0.1, 1, 16.187915976159275
1000, 32000, 4, 0.1, 1, 8.60199065785855
1000, 32000, 8, 0.1, 1, 4.498758399859071
1000, 32000, 15, 0.1, 1, 3.7690110076218843
1000, 32000, 1, 0.1, 5, 32.22620987892151
1000, 32000, 2, 0.1, 5, 16.490783310495317
1000, 32000, 4, 0.1, 5, 8.270285125821829
1000, 32000, 8, 0.1, 5, 4.278939701616764
1000, 32000, 15, 0.1, 5, 3.6978926388546824
1000, 32000, 1, 0.1, 10, 32.236743381246924
1000, 32000, 2, 0.1, 10, 16.294122618623078
1000, 32000, 4, 0.1, 10, 8.227481490001082
1000, 32000, 8, 0.1, 10, 4.194189080037177
1000, 32000, 15, 0.1, 10, 3.96527121309191
1000, 64000, 1, 0.1, 1, 64.14923855103552
1000, 64000, 2, 0.1, 1, 35.42989348433912
1000, 64000, 4, 0.1, 1, 20.95432034973055
1000, 64000, 8, 0.1, 1, 11.387736610136926
1000, 64000, 15, 0.1, 1, 8.119516563601792
1000, 64000, 1, 0.1, 5, 64.2242143554613
1000, 64000, 2, 0.1, 5, 32.66690168529749
1000, 64000, 4, 0.1, 5, 16.410408560186625
1000, 64000, 8, 0.1, 5, 8.476437542587519
1000, 64000, 15, 0.1, 5, 7.076335143297911
1000, 64000, 1, 0.1, 10, 64.228694871068
1000, 64000, 2, 0.1, 10, 32.51610862091184
1000, 64000, 4, 0.1, 10, 16.27263212017715
1000, 64000, 8, 0.1, 10, 8.277013561688364
1000, 64000, 15, 0.1, 10, 7.18760608881712
500, 500, 1, 0.2, 1, 0.3415216701105237
500, 500, 2, 0.2, 1, 0.20113056618720293
500, 500, 4, 0.2, 1, 0.12885106354951859
500, 500, 8, 0.2, 1, 0.1370795862749219
500, 500, 15, 0.2, 1, 0.13073488045483828
500, 500, 1, 0.2, 5, 0.3464118931442499
500, 500, 2, 0.2, 5, 0.18806743156164885
500, 500, 4, 0.2, 5, 0.13812138698995113
500, 500, 8, 0.2, 5, 0.20332004595547915
500, 500, 15, 0.2, 5, 0.18807215616106987
500, 500, 1, 0.2, 10, 0.364362389780581
500, 500, 2, 0.2, 10, 0.2035456383600831
500, 500, 4, 0.2, 10, 0.16796204540878534
500, 500, 8, 0.2, 10, 0.2723245033994317
500, 500, 15, 0.2, 10, 0.22722164541482925
500, 1000, 1, 0.2, 1, 0.600355182774365
500, 1000, 2, 0.2, 1, 0.366567469201982
500, 1000, 4, 0.2, 1, 0.2570860777050257
500, 1000, 8, 0.2, 1, 0.19531977642327547
500, 1000, 15, 0.2, 1, 0.1871740259230137
500, 1000, 1, 0.2, 5, 0.6067247064784169
500, 1000, 2, 0.2, 5, 0.32345102448016405
500, 1000, 4, 0.2, 5, 0.19331539701670408
500, 1000, 8, 0.2, 5, 0.28157285414636135
500, 1000, 15, 0.2, 5, 0.2954796412959695
500, 1000, 1, 0.2, 10, 0.5993580762296915
500, 1000, 2, 0.2, 10, 0.32201735861599445
500, 1000, 4, 0.2, 10, 0.22551978565752506
500, 1000, 8, 0.2, 10, 0.32808102760463953
500, 1000, 15, 0.2, 10, 0.3489089570939541
500, 2000, 1, 0.2, 1, 1.0964840780943632
500, 2000, 2, 0.2, 1, 0.6409230260178447
500, 2000, 4, 0.2, 1, 0.3355270018801093
500, 2000, 8, 0.2, 1, 0.33009215258061886
500, 2000, 15, 0.2, 1, 0.28410062938928604
500, 2000, 1, 0.2, 5, 1.0761306611821055
500, 2000, 2, 0.2, 5, 0.5817994708195329
500, 2000, 4, 0.2, 5, 0.32812355272471905
500, 2000, 8, 0.2, 5, 0.4206847380846739
500, 2000, 15, 0.2, 5, 0.4075155761092901
500, 2000, 1, 0.2, 10, 1.1064438745379448
500, 2000, 2, 0.2, 10, 0.5870872857049108
500, 2000, 4, 0.2, 10, 0.34862677846103907
500, 2000, 8, 0.2, 10, 0.5440660892054439
500, 2000, 15, 0.2, 10, 0.5171152353286743
500, 4000, 1, 0.2, 1, 2.070596396923065
500, 4000, 2, 0.2, 1, 1.255561868660152
500, 4000, 4, 0.2, 1, 0.6264685783535242
500, 4000, 8, 0.2, 1, 0.5130153950303793
500, 4000, 15, 0.2, 1, 0.5053467079997063
500, 4000, 1, 0.2, 5, 2.1139735151082277
500, 4000, 2, 0.2, 5, 1.1082269679754972
500, 4000, 4, 0.2, 5, 0.5766617925837636
500, 4000, 8, 0.2, 5, 0.6139801051467657
500, 4000, 15, 0.2, 5, 0.6103358305990696
500, 4000, 1, 0.2, 10, 2.0899100499227643
500, 4000, 2, 0.2, 10, 1.1002563768997788
500, 4000, 4, 0.2, 10, 0.574293133802712
500, 4000, 8, 0.2, 10, 0.7551479116082191
500, 4000, 15, 0.2, 10, 0.7615541694685817
500, 8000, 1, 0.2, 1, 4.103373519144952
500, 8000, 2, 0.2, 1, 2.401702302508056
500, 8000, 4, 0.2, 1, 1.232167076319456
500, 8000, 8, 0.2, 1, 0.9633892048150301
500, 8000, 15, 0.2, 1, 0.9248736817389727
500, 8000, 1, 0.2, 5, 4.115146264433861
500, 8000, 2, 0.2, 5, 2.1594664650037885
500, 8000, 4, 0.2, 5, 1.1175884921103716
500, 8000, 8, 0.2, 5, 1.0417800396680832
500, 8000, 15, 0.2, 5, 1.008769752457738
500, 8000, 1, 0.2, 10, 4.11980901286006
500, 8000, 2, 0.2, 10, 2.119031180627644
500, 8000, 4, 0.2, 10, 1.0942553980275989
500, 8000, 8, 0.2, 10, 1.1305666519328952
500, 8000, 15, 0.2, 10, 1.1356560662388802
500, 16000, 1, 0.2, 1, 8.103657495230436
500, 16000, 2, 0.2, 1, 4.66613975726068
500, 16000, 4, 0.2, 1, 2.444893973879516
500, 16000, 8, 0.2, 1, 1.773426415398717
500, 16000, 15, 0.2, 1, 1.8180103432387114
500, 16000, 1, 0.2, 5, 8.111995968036354
500, 16000, 2, 0.2, 5, 4.211846348829567
500, 16000, 4, 0.2, 5, 2.175188531167805
500, 16000, 8, 0.2, 5, 1.8523743832483888
500, 16000, 15, 0.2, 5, 1.8197975233197212
500, 16000, 1, 0.2, 10, 8.119009355083108
500, 16000, 2, 0.2, 10, 4.169912205077708
500, 16000, 4, 0.2, 10, 2.1268213503062725
500, 16000, 8, 0.2, 10, 1.966307477094233
500, 16000, 15, 0.2, 10, 1.9641053956001997
500, 32000, 1, 0.2, 1, 16.10557454638183
500, 32000, 2, 0.2, 1, 9.702517837285995
500, 32000, 4, 0.2, 1, 6.473987706936896
500, 32000, 8, 0.2, 1, 4.221917566843331
500, 32000, 15, 0.2, 1, 3.45160707551986
500, 32000, 1, 0.2, 5, 16.11661101412028
500, 32000, 2, 0.2, 5, 8.283983380533755
500, 32000, 4, 0.2, 5, 4.3313216883689165
500, 32000, 8, 0.2, 5, 3.5648484090343118
500, 32000, 15, 0.2, 5, 3.433199523948133
500, 32000, 1, 0.2, 10, 16.126349179074168
500, 32000, 2, 0.2, 10, 8.250022989697754
500, 32000, 4, 0.2, 10, 4.226761110126972
500, 32000, 8, 0.2, 10, 3.604275470599532
500, 32000, 15, 0.2, 10, 3.588624030351639
500, 64000, 1, 0.2, 1, 32.10854178760201
500, 64000, 2, 0.2, 1, 19.30883710179478
500, 64000, 4, 0.2, 1, 10.611135886982083
500, 64000, 8, 0.2, 1, 8.525239480659366
500, 64000, 15, 0.2, 1, 7.359554260037839
500, 64000, 1, 0.2, 5, 32.117009782232344
500, 64000, 2, 0.2, 5, 16.346688233315945
500, 64000, 4, 0.2, 5, 8.414286439307034
500, 64000, 8, 0.2, 5, 6.708715041168034
500, 64000, 15, 0.2, 5, 6.64906710665673
500, 64000, 1, 0.2, 10, 32.11765391007066
500, 64000, 2, 0.2, 10, 16.297399785369635
500, 64000, 4, 0.2, 10, 8.381854996085167
500, 64000, 8, 0.2, 10, 6.841820488683879
500, 64000, 15, 0.2, 10, 6.765545742586255
1000, 500, 1, 0.2, 1, 0.6806784607470036
1000, 500, 2, 0.2, 1, 0.39245814830064774
1000, 500, 4, 0.2, 1, 0.2391397375613451
1000, 500, 8, 0.2, 1, 0.2703937999904156
1000, 500, 15, 0.2, 1, 0.26191702485084534
1000, 500, 1, 0.2, 5, 0.7004162706434727
1000, 500, 2, 0.2, 5, 0.3576135151088238
1000, 500, 4, 0.2, 5, 0.27215569000691175
1000, 500, 8, 0.2, 5, 0.38899288326501846
1000, 500, 15, 0.2, 5, 0.4423965821042657
1000, 500, 1, 0.2, 10, 0.7301427805796266
1000, 500, 2, 0.2, 10, 0.4021338941529393
1000, 500, 4, 0.2, 10, 0.3223499469459057
1000, 500, 8, 0.2, 10, 0.4758446663618088
1000, 500, 15, 0.2, 10, 0.4394236970692873
1000, 1000, 1, 0.2, 1, 1.1948772370815277
1000, 1000, 2, 0.2, 1, 0.7007030118256807
1000, 1000, 4, 0.2, 1, 0.4697033381089568
1000, 1000, 8, 0.2, 1, 0.38435211032629013
1000, 1000, 15, 0.2, 1, 0.3609663052484393
1000, 1000, 1, 0.2, 5, 1.2163585713133216
1000, 1000, 2, 0.2, 5, 0.6343890530988574
1000, 1000, 4, 0.2, 5, 0.40651669912040234
1000, 1000, 8, 0.2, 5, 0.5791078275069594
1000, 1000, 15, 0.2, 5, 0.550878532230854
1000, 1000, 1, 0.2, 10, 1.2303873300552368
1000, 1000, 2, 0.2, 10, 0.6673699617385864
1000, 1000, 4, 0.2, 10, 0.44503076281398535
1000, 1000, 8, 0.2, 10, 0.6853463090956211
1000, 1000, 15, 0.2, 10, 0.7304094480350614
1000, 2000, 1, 0.2, 1, 2.174454561434686
1000, 2000, 2, 0.2, 1, 1.3288475880399346
1000, 2000, 4, 0.2, 1, 0.6682426398620009
1000, 2000, 8, 0.2, 1, 0.6397400349378586
1000, 2000, 15, 0.2, 1, 0.5580425597727299
1000, 2000, 1, 0.2, 5, 2.150454401038587
1000, 2000, 2, 0.2, 5, 1.1492605926468968
1000, 2000, 4, 0.2, 5, 0.6376345697790384
1000, 2000, 8, 0.2, 5, 0.8250141954049468
1000, 2000, 15, 0.2, 5, 0.8061507297679782
1000, 2000, 1, 0.2, 10, 2.2429694766178727
1000, 2000, 2, 0.2, 10, 1.1708805309608579
1000, 2000, 4, 0.2, 10, 0.6665156343951821
1000, 2000, 8, 0.2, 10, 1.123276493512094
1000, 2000, 15, 0.2, 10, 1.022774993441999
1000, 4000, 1, 0.2, 1, 4.201708195731044
1000, 4000, 2, 0.2, 1, 2.5233360147103667
1000, 4000, 4, 0.2, 1, 1.2736904062330723
1000, 4000, 8, 0.2, 1, 1.020961000584066
1000, 4000, 15, 0.2, 1, 0.9981606863439083
1000, 4000, 1, 0.2, 5, 4.186471305787563
1000, 4000, 2, 0.2, 5, 2.222140336409211
1000, 4000, 4, 0.2, 5, 1.1743192300200462
1000, 4000, 8, 0.2, 5, 1.268091844394803
1000, 4000, 15, 0.2, 5, 1.20242016389966
1000, 4000, 1, 0.2, 10, 4.24167362600565
1000, 4000, 2, 0.2, 10, 2.1913536489009857
1000, 4000, 4, 0.2, 10, 1.1711429581046104
1000, 4000, 8, 0.2, 10, 1.511805759742856
1000, 4000, 15, 0.2, 10, 1.4852997409179807
1000, 8000, 1, 0.2, 1, 8.19800668861717
1000, 8000, 2, 0.2, 1, 4.399047234095633
1000, 8000, 4, 0.2, 1, 2.4508147751912475
1000, 8000, 8, 0.2, 1, 1.9119937838986516
1000, 8000, 15, 0.2, 1, 1.8726669065654278
1000, 8000, 1, 0.2, 5, 8.215409480035305
1000, 8000, 2, 0.2, 5, 4.304894940927625
1000, 8000, 4, 0.2, 5, 2.2319009145721793
1000, 8000, 8, 0.2, 5, 2.071349817328155
1000, 8000, 15, 0.2, 5, 2.0238036140799522
1000, 8000, 1, 0.2, 10, 8.23797170072794
1000, 8000, 2, 0.2, 10, 4.244589099660516
1000, 8000, 4, 0.2, 10, 2.190187611617148
1000, 8000, 8, 0.2, 10, 2.3105952190235257
1000, 8000, 15, 0.2, 10, 2.2790237180888653
1000, 16000, 1, 0.2, 1, 16.19839257001877
1000, 16000, 2, 0.2, 1, 8.49433602951467
1000, 16000, 4, 0.2, 1, 4.841551915742457
1000, 16000, 8, 0.2, 1, 3.545969315804541
1000, 16000, 15, 0.2, 1, 3.6219576373696327
1000, 16000, 1, 0.2, 5, 16.21695284359157
1000, 16000, 2, 0.2, 5, 8.474027371965349
1000, 16000, 4, 0.2, 5, 4.34625340718776
1000, 16000, 8, 0.2, 5, 3.6982563212513924
1000, 16000, 15, 0.2, 5, 3.658016216941178
1000, 16000, 1, 0.2, 10, 16.247481524012983
1000, 16000, 2, 0.2, 10, 8.320222026668489
1000, 16000, 4, 0.2, 10, 4.255601655691862
1000, 16000, 8, 0.2, 10, 3.9616862004622817
1000, 16000, 15, 0.2, 10, 3.8160737715661526
1000, 32000, 1, 0.2, 1, 32.16215272061527
1000, 32000, 2, 0.2, 1, 19.409143545664847
1000, 32000, 4, 0.2, 1, 12.959065085276961
1000, 32000, 8, 0.2, 1, 8.281830118969083
1000, 32000, 15, 0.2, 1, 7.137145174667239
1000, 32000, 1, 0.2, 5, 32.20064955018461
1000, 32000, 2, 0.2, 5, 16.818068819120526
1000, 32000, 4, 0.2, 5, 8.44224230479449
1000, 32000, 8, 0.2, 5, 6.915664720349014
1000, 32000, 15, 0.2, 5, 6.844175967387855
1000, 32000, 1, 0.2, 10, 32.24642093107104
1000, 32000, 2, 0.2, 10, 16.498776361346245
1000, 32000, 4, 0.2, 10, 8.291970581747591
1000, 32000, 8, 0.2, 10, 7.233269553631544
1000, 32000, 15, 0.2, 10, 7.188306000083685
1000, 64000, 1, 0.2, 1, 64.19050718378276
1000, 64000, 2, 0.2, 1, 38.60536063089967
1000, 64000, 4, 0.2, 1, 21.98785690497607
1000, 64000, 8, 0.2, 1, 17.167719857767224
1000, 64000, 15, 0.2, 1, 15.180146362632513
1000, 64000, 1, 0.2, 5, 64.18796935211867
1000, 64000, 2, 0.2, 5, 33.27492367941886
1000, 64000, 4, 0.2, 5, 16.809172161854804
1000, 64000, 8, 0.2, 5, 13.362135763280094
1000, 64000, 15, 0.2, 5, 13.249041044153273
1000, 64000, 1, 0.2, 10, 64.25682540796697
1000, 64000, 2, 0.2, 10, 32.79334488231689
1000, 64000, 4, 0.2, 10, 16.737888758070767
1000, 64000, 8, 0.2, 10, 13.643570443615317
1000, 64000, 15, 0.2, 10, 13.585584193468094
